Workbook

Sheet 01.01.26см1
A1: Дата | B1: 01.01.2026 | F1: Смена | G1: 1 | AE1: Мельница №5
B2: Плотность, % | N2: Ситовой анализ, % -74мкм | P2: Производительность мельниц, тн/ч | U2: все мельницы | V2: Выпуск МКР | W2: Время | X2: на начало смены | Y2: на конец смены | Z2: переработка по счетчику | AA2: № | AB2: Переработка Ручной замер | AE2: мин | AF2: тонн
A3: Время | B3: Слив мельниц | G3: Слив гидроциклона | I3: Сгуститель | K3: Классификатор | N3: Гидроциклон | AA3: МШР | AE3: 1 | AF3: =AE3*40/60 -> 0.66666667
B4: 1 | C4: 2 | D4: 3 | E4: 4 | F4: 5 | G4: 1ст | H4: 2ст | I4: 1 | J4: 2 | K4: 1 | L4: 3 | M4: 5 | N4: 1ст | O4: 2ст | P4: 1 | Q4: 2 | R4: 3 | S4: 4 | T4: 5 | AB4: Время | AC4: Мельница | AD4: Ручной | AE4: 2 | AF4: =AE4*40/60 -> 1.3333333
A5: 21 | P5: 34.5 | Q5: 0 | R5: 0 | S5: 31 | T5: 11.43 | U5: =SUM(P5:T5) -> 76.93 | W5: 21 | X5: ='[1]31.12.25см2'!Y5 -> 510168.7 | Y5: =X5+P17 -> 510645.7 | Z5: =Y5-X5 -> 477 | AA5: 1 | AE5: 3 | AF5: =AE5*40/60 -> 2
A6: 22 | P6: 38.4 | Q6: 0 | R6: 0 | S6: 33 | T6: 12.1 | U6: =SUM(P6:T6) -> 83.5 | W6: 22 | X6: ='[1]31.12.25см2'!Y6 -> 810050.11 | Y6: =X6+R17 -> 810050.11 | Z6: =Y6-X6 -> 0 | AA6: 3 | AE6: 4 | AF6: =AE6*40/60 -> 2.6666667
A7: 23 | B7: 70 | C7: 58 | E7: 68 | F7: 64 | G7: 44 | H7: 30 | K7: 60 | M7: 51 | N7: 53 | O7: 75 | P7: 39.6 | Q7: 0 | R7: 0 | S7: 33 | T7: 13.88 | U7: =SUM(P7:T7) -> 86.48 | V7: 1 | W7: 23 | X7: ='[1]31.12.25см2'!Y7 -> 502129 | Y7: =X7+S17 -> 502531 | Z7: =Y7-X7 -> 402 | AA7: 4 | AB7: 0.875 | AC7: №1 | AD7: 40 | AE7: 5 | AF7: =AE7*40/60 -> 3.3333333
A8: 24 | P8: 39.5 | Q8: 0 | R8: 0 | S8: 35 | T8: 12.9 | U8: =SUM(P8:T8) -> 87.4 | W8: 24 | X8: ='[1]31.12.25см2'!Y8 -> 8613.78 | Y8: =X8+T17 -> 8759.978 | Z8: =T17 -> 146.198 | AA8: 5 | AC8: №3 | AE8: 6 | AF8: =AE8*40/60 -> 4
A9: 1 | P9: 40 | Q9: 0 | R9: 0 | S9: 34 | T9: 12 | U9: =SUM(P9:T9) -> 86 | V9: 1 | W9: 1 | X9: Итого производ - ность за смену | Z9: =SUM(Z5:Z8) -> 1025.198 | AC9: №4 | AD9: 31 | AE9: 7 | AF9: =AE9*40/60 -> 4.6666667
A10: 2 | P10: 40.3 | Q10: 0 | R10: 0 | S10: 34 | T10: 11.635 | U10: =SUM(P10:T10) -> 85.935 | V10: 1 | W10: 2 | AC10: №5 | AD10: 12 | AE10: 8 | AF10: =AE10*40/60 -> 5.3333333
A11: 3 | P11: 39.5 | Q11: 0 | R11: 0 | S11: 33 | T11: 11.554 | U11: =SUM(P11:T11) -> 84.054 | V11: 1 | W11: 3 | X11: Руда с конвейера Сито 12 мм | AE11: 9 | AF11: =AE11*40/60 -> 6
A12: 4 | P12: 39.8 | Q12: 0 | R12: 0 | S12: 34 | T12: 11.44 | U12: =SUM(P12:T12) -> 85.24 | V12: 3 | W12: 4 | AB12: 0.95833333 | AC12: №1 | AD12: 40 | AE12: 10 | AF12: =AE12*40/60 -> 6.6666667
A13: 5 | B13: 68 | C13: 62 | E13: 68 | F13: 66 | G13: 45 | H13: 32 | K13: 54 | M13: 49 | N13: 50 | O13: 72 | P13: 40.1 | Q13: 0 | R13: 0 | S13: 34 | T13: 11.584 | U13: =SUM(P13:T13) -> 85.684 | W13: 5 | X13: Время | Y13: Мельница | Z13: + | AA13: - | AC13: №3 | AE13: 11 | AF13: =AE13*40/60 -> 7.3333333
A14: 6 | P14: 41.7 | Q14: 0 | R14: 0 | S14: 34 | T14: 13.431 | U14: =SUM(P14:T14) -> 89.131 | V14: 2 | W14: 6 | X14: 0.91666667 | Y14: Исходная руда №1 | Z14: 1.2 | AA14: =100-Z14 -> 98.8 | AC14: №4 | AD14: 33 | AE14: 12 | AF14: =AE14*40/60 -> 8
A15: 7 | P15: 40.4 | Q15: 0 | R15: 0 | S15: 33 | T15: 12.854 | U15: =SUM(P15:T15) -> 86.254 | W15: 7 | Y15: Исходная руда №3 | AA15: =100-Z15 -> 100 | AC15: №5 | AD15: 12 | AE15: 13 | AF15: =AE15*40/60 -> 8.6666667
A16: 8 | P16: 43.2 | Q16: 0 | R16: 0 | S16: 34 | T16: 11.39 | U16: =SUM(P16:T16) -> 88.59 | V16: 1 | W16: 8 | Y16: Исходная руда №4 | Z16: 1.6 | AA16: =100-Z16 -> 98.4 | AE16: 14 | AF16: =AE16*40/60 -> 9.3333333
A17: среднее | B17: =AVERAGE(B5:B15) -> 69 | C17: =AVERAGE(C5:C16) -> 60 | D17: =AVERAGE(D5:D15) -> #DIV/0! | E17: =AVERAGE(E5:E15) -> 68 | F17: =AVERAGE(F5:F15) -> 65 | G17: =AVERAGE(G5:G16) -> 44.5 | H17: =AVERAGE(H5:H16) -> 31 | I17: =AVERAGE(I5:I15) -> #DIV/0! | J17: =AVERAGE(J5:J15) -> #DIV/0! | K17: =AVERAGE(K5:K15) -> 57 | L17: =AVERAGE(L5:L15) -> #DIV/0! | M17: =AVERAGE(M5:M15) -> 50 | N17: =AVERAGE(N5:N15) -> 51.5 | O17: =AVERAGE(O5:O16) -> 73.5 | P17: =SUM(P5:P16) -> 477 | Q17: =SUM(Q5:Q16) -> 0 | R17: =SUM(R5:R16) -> 0 | S17: =SUM(S5:S16) -> 402 | T17: =SUM(T5:T16) -> 146.198 | U17: =SUM(P17:T17) -> 1025.198 | V17: =SUM(V5:V16) -> 10 | Y17: Исходная руда №5 | Z17: 0.9 | AA17: =100-Z17 -> 99.1 | AB17: 0.041666667 | AC17: №1 | AD17: 41 | AE17: 15 | AF17: =AE17*40/60 -> 10
AA18: =(AA14+AA16+AA17)/3 -> 98.766667 | AC18: №3 | AE18: 16 | AF18: =AE18*40/60 -> 10.666667
A19: Загрузка шаров мельниц | C19: Ø, мм | D19: тн | F19: Примечание | I19: Ситовый анализ 31.12.25 см 2 | M19: Влага руды, % | P19: 1.7 | S19: 1.8 | T19: 1.8 | U19: =(U17-U20)/U17*100 -> 1.7534724 | X19: 0.041666667 | AA19: - | AC19: №4 | AD19: 35 | AE19: 17 | AF19: =AE19*40/60 -> 11.333333
A20: №1 | C20: 60 | D20: 0.2 | F20: новые | K20: % | M20: Итого СМТ по весам за смену | P20: =(P17-(P17*P19/100)) -> 468.891 | R20: =(R17-(R17*R19/100)) -> 0 | S20: =(S17-(S17*S19/100)) -> 394.764 | T20: =(T17-(T17*T19/100)) -> 143.56644 | U20: =P20+Q20+R20+S20+T20 -> 1007.2214 | Y20: Исходная руда №1 | Z20: 0.9 | AA20: =100-Z20 -> 99.1 | AC20: №5 | AD20: 12 | AE20: 18 | AF20: =AE20*40/60 -> 12
A21: №2 | C21: 30 | D21: 0.15 | F21: новые | I21: ГЦ№1 | J21: 48 | M21: Итого СМТ замер за смену | P21: =(U17-(U17*U19/100)) -> 1007.2214 | Y21: Исходная руда №3 | AA21: =100-Z21 -> 100 | AE21: 19 | AF21: =AE21*40/60 -> 12.666667
A22: №4 | C22: 60 | D22: 0.2 | F22: новые | I22: 100 | J22: =I22-J21 -> 52 | K22: =J22/I22*100 -> 52 | Y22: Исходная руда №4 | Z22: 1.2 | AA22: =100-Z22 -> 98.8 | AB22: 0.125 | AC22: №1 | AD22: 40 | AE22: 20 | AF22: =AE22*40/60 -> 13.333333
A23: №5 | C23: 60 | D23: 0.1 | F23: новые | I23: ГЦ№2 | J23: 26 | M23: Итого за сутки: | Y23: Исходная руда №5 | Z23: 1.3 | AA23: =100-Z23 -> 98.7 | AC23: №3 | AE23: 21 | AF23: =AE23*40/60 -> 14
I24: 100 | J24: =I24-J23 -> 74 | K24: =J24/I24*100 -> 74 | M24: Итого с начала месяца: | AA24: =(AA20+AA22+AA23)/3 -> 98.866667 | AC24: №4 | AD24: 33 | AE24: 22 | AF24: =AE24*40/60 -> 14.666667
X25: 0.125 | AA25: - | AC25: №5 | AD25: 10 | AE25: 23 | AF25: =AE25*40/60 -> 15.333333
Y26: Исходная руда №1 | Z26: 1.1 | AA26: =100-Z26 -> 98.9 | AE26: 24 | AF26: =AE26*40/60 -> 16
A27: Простой мельниц | C27: с | D27: до | F27: кол-во мин | H27: Причины простоя | Y27: Исходная руда №3 | AA27: =100-Z27 -> 100 | AB27: 0.20833333 | AC27: №1 | AD27: 41 | AE27: 25 | AF27: =AE27*40/60 -> 16.666667
A28: №3 | C28: 0.83333333 | D28: 0.33333333 | F28: 12часов | H28: МШР стоит - ППР. | Y28: Исходная руда №4 | Z28: 1.7 | AA28: =100-Z28 -> 98.3 | AC28: №3 | AE28: 26 | AF28: =AE28*40/60 -> 17.333333
H29: МШР №4 ручной замер - сбой эл счетчика. | Y29: Исходная руда №5 | Z29: 1 | AA29: =100-Z29 -> 99 | AC29: №4 | AD29: 34 | AE29: 27 | AF29: =AE29*40/60 -> 18
H30: В 20:20-20:29 шуровка бункера МШР №1. 8 мин | AA30: =(AA26+AA28+AA29)/3 -> 98.733333 | AC30: №5 | AD30: 11 | AE30: 28 | AF30: =AE30*40/60 -> 18.666667
H31: В 1:00 обнулился счетчик на МШР №5 | X31: 0.20833333 | AA31: - | AE31: 29 | AF31: =AE31*40/60 -> 19.333333
Y32: Исходная руда №1 | Z32: 1 | AA32: =100-Z32 -> 99 | AB32: 0.29166667 | AC32: №1 | AD32: 42 | AE32: 30 | AF32: =AE32*40/60 -> 20
Y33: Исходная руда №3 | AA33: =100-Z33 -> 100 | AC33: №3 | AE33: 31 | AF33: =AE33*40/60 -> 20.666667
Y34: Исходная руда №4 | Z34: 1.2 | AA34: =100-Z34 -> 98.8 | AC34: №4 | AD34: 33 | AE34: 32 | AF34: =AE34*40/60 -> 21.333333
Y35: Исходная руда №5 | Z35: 0.9 | AA35: =100-Z35 -> 99.1 | AC35: №5 | AD35: 10 | AE35: 33 | AF35: =AE35*40/60 -> 22
AA36: =(AA32+AA34+AA35)/3 -> 98.966667 | AE36: 34 | AF36: =AE36*40/60 -> 22.666667
AE37: 35 | AF37: =AE37*40/60 -> 23.333333
AE38: 36 | AF38: =AE38*40/60 -> 24
AE39: 37 | AF39: =AE39*40/60 -> 24.666667
A40: Остаток МКР на начало смены | D40: 73 | AE40: 38 | AF40: =AE40*40/60 -> 25.333333
A41: Выпуск МКР за смену | D41: =V17 -> 10 | H41: Время | J41: 0.875 | K41: 0.95833333 | M41: 0.041666667 | N41: 03:00 | O41: 05:00 | P41: 07:00 | Q41: ср.значение | AE41: 39 | AF41: =AE41*40/60 -> 26
A42: Отгружено МКР за смену | H42: рН слива ГЦ-1 | J42: 10.18 | K42: 10.09 | M42: 9.1 | N42: 9.5 | O42: 9.97 | P42: 9.62 | Q42: =AVERAGE(J42:P43) -> 9.7433333 | AE42: 40 | AF42: =AE42*40/60 -> 26.666667
A43: Количество автомашин | R43: Старший контролер ОТК: Тусупбаева А. | AE43: 41 | AF43: =AE43*40/60 -> 27.333333
A44: Остаток МКР на конец смены | D44: =D40+D41-D42 -> 83 | R44: Контролер ОТК: Макулбеков Б. | AE44: 42 | AF44: =AE44*40/60 -> 28
AE45: 45 | AF45: =AE45*40/60 -> 30
AE46: 46 | AF46: =AE46*40/60 -> 30.666667
AE47: 47 | AF47: =AE47*40/60 -> 31.333333
AE48: 48 | AF48: =AE48*40/60 -> 32
AE49: 49 | AF49: =AE49*40/60 -> 32.666667
AE50: 50 | AF50: =AE50*40/60 -> 33.333333
AE51: 51 | AF51: =AE51*40/60 -> 34
AE52: 52 | AF52: =AE52*40/60 -> 34.666667
AE53: 53 | AF53: =AE53*40/60 -> 35.333333
AE54: 54 | AF54: =AE54*40/60 -> 36
AE55: 55 | AF55: =AE55*40/60 -> 36.666667
AE56: 56 | AF56: =AE56*40/60 -> 37.333333
... AE60: 60 | AF60: =AE60*40/60 -> 40

Sheet 01.01.26см2
A1: Дата | B1: 01.01.2026 | F1: Смена | G1: 2 | AE1: Мельница №5
B2: Плотность, % | N2: Ситовой анализ, % -74мкм | P2: Производительность мельниц, тн/ч | U2: все мельницы | V2: Выпуск МКР | W2: Время | X2: на начало смены | Y2: на конец смены | Z2: переработка по счетчику | AA2: № | AB2: Переработка Ручной замер | AE2: мин | AF2: тонн
A3: Время | B3: Слив мельниц | G3: Слив гидроциклона | I3: Сгуститель | K3: Классификатор | N3: Гидроциклон | AA3: МШР | AE3: 1 | AF3: =AE3*11/60 -> 0.18333333
B4: 1 | C4: 2 | D4: 3 | E4: 4 | F4: 5 | G4: 1ст | H4: 2ст | I4: 1 | J4: 2 | K4: 1 | L4: 3 | M4: 5 | N4: 1ст | O4: 2ст | P4: 1 | Q4: 2 | R4: 3 | S4: 4 | T4: 5 | AB4: Время | AC4: Мельница | AD4: Ручной | AE4: 2 | AF4: =AE4*11/60 -> 0.36666667
A5: 9 | P5: 43.3 | Q5: 0 | R5: 0 | S5: 34 | T5: 10.844 | U5: =SUM(P5:T5) -> 88.144 | V5: 1 | W5: 9 | X5: 510645.7 | Y5: 511132.9 | Z5: =Y5-X5 -> 487.2 | AA5: 1 | AE5: 3 | AF5: =AE5*11/60 -> 0.55
A6: 10 | P6: 43.3 | Q6: 0 | R6: 0 | S6: 27 | T6: 11.356 | U6: =SUM(P6:T6) -> 81.656 | W6: 10 | X6: 810050.11 | Y6: =X6+R17 -> 810050.11 | Z6: =Y6-X6 -> 0 | AA6: 3 | AE6: 4 | AF6: =AE6*11/60 -> 0.73333333
A7: 11 | B7: 69 | C7: 53 | E7: 63 | F7: 68 | G7: 46 | H7: 36 | K7: 56 | M7: 47 | N7: 53 | O7: 71 | P7: 41.7 | Q7: 0 | R7: 0 | S7: 32 | T7: 12.079 | U7: =SUM(P7:T7) -> 85.779 | W7: 11 | X7: ='01.01.26см1'!Y7 -> 502531 | Y7: =X7+S17 -> 502926 | Z7: =Y7-X7 -> 395 | AA7: 4 | AB7: 0.375 | AC7: №1 | AD7: 41 | AE7: 5 | AF7: =AE7*11/60 -> 0.91666667
A8: 12 | I8: 0 | J8: 9 | P8: 39.9 | Q8: 0 | R8: 0 | S8: 31 | T8: 11.918 | U8: =SUM(P8:T8) -> 82.818 | V8: 2 | W8: 12 | X8: 101.317 | Y8: =X8+T17 -> 237.889 | Z8: =T17 -> 136.572 | AA8: 5 | AC8: №3 | AE8: 6 | AF8: =AE8*11/60 -> 1.1
A9: 13 | P9: 41.9 | Q9: 0 | R9: 0 | S9: 34 | T9: 12.655 | U9: =SUM(P9:T9) -> 88.555 | W9: 13 | X9: Итого производ - ность за смену | Z9: =SUM(Z5:Z8) -> 1018.772 | AC9: №4 | AD9: 35 | AE9: 7 | AF9: =AE9*11/60 -> 1.2833333
A10: 14 | P10: 41.2 | Q10: 0 | R10: 0 | S10: 34 | T10: 11.772 | U10: =SUM(P10:T10) -> 86.972 | W10: 14 | AC10: №5 | AD10: 10 | AE10: 8 | AF10: =AE10*11/60 -> 1.4666667
A11: 15 | P11: 37.8 | Q11: 0 | R11: 0 | S11: 35 | T11: 12.113 | U11: =SUM(P11:T11) -> 84.913 | V11: 1 | W11: 15 | X11: Руда с конвейера Сито 12 мм | AE11: 9 | AF11: =AE11*11/60 -> 1.65
A12: 16 | P12: 38.6 | Q12: 0 | R12: 0 | S12: 33 | T12: 11.62 | U12: =SUM(P12:T12) -> 83.22 | V12: 2 | W12: 16 | AB12: 0.45833333 | AC12: №1 | AD12: 40 | AE12: 10 | AF12: =AE12*11/60 -> 1.8333333
A13: 17 | B13: 69 | C13: 51 | E13: 63 | F13: 65 | G13: 43 | H13: 29 | I13: 17 | J13: 4 | K13: 53 | M13: 48 | N13: 54 | O13: 73 | P13: 40.3 | Q13: 0 | R13: 0 | S13: 33 | T13: 10.62 | U13: =SUM(P13:T13) -> 83.92 | W13: 17 | X13: Время | Y13: Мельница | Z13: + | AA13: - | AC13: №3 | AE13: 11 | AF13: =AE13*11/60 -> 2.0166667
A14: 18 | P14: 35 | Q14: 0 | R14: 0 | S14: 33 | T14: 10.971 | U14: =SUM(P14:T14) -> 78.971 | V14: 1 | W14: 18 | X14: 0.41666667 | Y14: Исходная руда №1 | Z14: 0.3 | AA14: =100-Z14 -> 99.7 | AC14: №4 | AD14: 32 | AE14: 12 | AF14: =AE14*11/60 -> 2.2
A15: 19 | P15: 43.7 | Q15: 0 | R15: 0 | S15: 35 | T15: 11.013 | U15: =SUM(P15:T15) -> 89.713 | W15: 19 | Y15: Исходная руда №3 | AA15: =100-Z15 -> 100 | AC15: №5 | AD15: 10 | AE15: 13 | AF15: =AE15*11/60 -> 2.3833333
A16: 20 | P16: 40.5 | Q16: 0 | R16: 0 | S16: 34 | T16: 9.611 | U16: =SUM(P16:T16) -> 84.111 | V16: 1 | W16: 20 | Y16: Исходная руда №4 | Z16: 0.4 | AA16: =100-Z16 -> 99.6 | AE16: 14 | AF16: =AE16*11/60 -> 2.5666667
A17: среднее | B17: =AVERAGE(B5:B15) -> 69 | C17: =AVERAGE(C5:C16) -> 52 | D17: =AVERAGE(D5:D15) -> #DIV/0! | E17: =AVERAGE(E5:E15) -> 63 | F17: =AVERAGE(F5:F15) -> 66.5 | G17: =AVERAGE(G5:G16) -> 44.5 | H17: =AVERAGE(H5:H16) -> 32.5 | I17: =AVERAGE(I5:I15) -> 8.5 | J17: =AVERAGE(J5:J15) -> 6.5 | K17: =AVERAGE(K5:K15) -> 54.5 | L17: =AVERAGE(L5:L15) -> #DIV/0! | M17: =AVERAGE(M5:M15) -> 47.5 | N17: =AVERAGE(N5:N15) -> 53.5 | O17: =AVERAGE(O5:O16) -> 72 | P17: =SUM(P5:P16) -> 487.2 | Q17: =SUM(Q5:Q16) -> 0 | R17: =SUM(R5:R16) -> 0 | S17: =SUM(S5:S16) -> 395 | T17: =SUM(T5:T16) -> 136.572 | U17: =SUM(P17:T17) -> 1018.772 | V17: =SUM(V5:V16) -> 8 | Y17: Исходная руда №5 | Z17: 0.3 | AA17: =100-Z17 -> 99.7 | AB17: 0.54166667 | AC17: №1 | AD17: 41 | AE17: 15 | AF17: =AE17*11/60 -> 2.75
AA18: 99.67 | AC18: №3 | AE18: 16 | AF18: =AE18*11/60 -> 2.9333333
A19: Загрузка шаров мельниц | C19: Ø, мм | D19: тн | F19: Примечание | I19: Ситовый анализ 01.01.26 см 1 | M19: Влага руды, % | P19: 2 | S19: 1.8 | T19: 2.2 | U19: =(U17-U20)/U17*100 -> 1.9492668 | X19: 0.5 | AA19: - | AC19: №4 | AD19: 34 | AE19: 17 | AF19: =AE19*11/60 -> 3.1166667
A20: №1 | C20: 60 | D20: 0.2 | F20: новые | K20: % | M20: Итого СМТ по весам за смену | P20: =(P17-(P17*P19/100)) -> 477.456 | R20: =(R17-(R17*R19/100)) -> 0 | S20: =(S17-(S17*S19/100)) -> 387.89 | T20: =(T17-(T17*T19/100)) -> 133.56742 | U20: =P20+Q20+R20+S20+T20 -> 998.91342 | Y20: Исходная руда №1 | Z20: 0.2 | AA20: =100-Z20 -> 99.8 | AC20: №5 | AD20: 10 | AE20: 18 | AF20: =AE20*11/60 -> 3.3
A21: №2 | C21: 30 | D21: 0.2 | F21: новые | I21: ГЦ№1 | J21: 47 | M21: Итого СМТ замер за смену | P21: =(U17-(U17*U19/100)) -> 998.91342 | Y21: Исходная руда №3 | AA21: =100-Z21 -> 100 | AE21: 19 | AF21: =AE21*11/60 -> 3.4833333
A22: №4 | C22: 60 | D22: 0.2 | F22: новые | I22: 100 | J22: =I22-J21 -> 53 | K22: =J22/I22*100 -> 53 | Y22: Исходная руда №4 | Z22: 0.2 | AA22: =100-Z22 -> 99.8 | AB22: 0.625 | AC22: №1 | AD22: 41 | AE22: 20 | AF22: =AE22*11/60 -> 3.6666667
A23: №5 | C23: 60 | D23: 0.1 | F23: новые | I23: ГЦ№2 | J23: 28 | M23: Итого за сутки: | Y23: Исходная руда №5 | Z23: 0.3 | AA23: =100-Z23 -> 99.7 | AC23: №3 | AE23: 21 | AF23: =AE23*11/60 -> 3.85
I24: 100 | J24: =I24-J23 -> 72 | K24: =J24/I24*100 -> 72 | M24: Итого с начала месяца: | AA24: 99.76 | AC24: №4 | AD24: 35 | AE24: 22 | AF24: =AE24*11/60 -> 4.0333333
X25: 0.625 | AA25: - | AC25: №5 | AD25: 10 | AE25: 23 | AF25: =AE25*11/60 -> 4.2166667
Y26: Исходная руда №1 | Z26: 0.4 | AA26: =100-Z26 -> 99.6 | AE26: 24 | AF26: =AE26*11/60 -> 4.4
A27: Простой мельниц | C27: с | D27: до | F27: кол-во мин | H27: Причины простоя | Y27: Исходная руда №3 | AA27: =100-Z27 -> 100 | AB27: 0.70833333 | AC27: №1 | AD27: 41 | AE27: 25 | AF27: =AE27*11/60 -> 4.5833333
A28: №3 | C28: 0.33333333 | D28: 0.83333333 | F28: 12 часов | H28: МШР стоит - ППР. | Y28: Исходная руда №4 | Z28: 0.6 | AA28: =100-Z28 -> 99.4 | AC28: №3 | AE28: 26 | AF28: =AE28*11/60 -> 4.7666667
H29: С 10:00 МШР №4 ручной замер - сбой эл счетчика. | Y29: Исходная руда №5 | Z29: 0.3 | AA29: =100-Z29 -> 99.7 | AC29: №4 | AD29: 33 | AE29: 27 | AF29: =AE29*11/60 -> 4.95
H30: В 14:32 - 14:37 шуровка бункера МШР №1 5мин. | AA30: 99.57 | AC30: №5 | AD30: 10 | AE30: 28 | AF30: =AE30*11/60 -> 5.1333333
H31: В 17:30-17:39 остановили питание МШР №1 - перегруз. 9 мин | X31: 0.70833333 | AA31: - | AE31: 29 | AF31: =AE31*11/60 -> 5.3166667
Y32: Исходная руда №1 | Z32: 0.3 | AA32: =100-Z32 -> 99.7 | AB32: 0.79166667 | AC32: №1 | AD32: 41 | AE32: 30 | AF32: =AE32*11/60 -> 5.5
Y33: Исходная руда №3 | AA33: =100-Z33 -> 100 | AC33: №3 | AE33: 31 | AF33: =AE33*11/60 -> 5.6833333
Y34: Исходная руда №4 | Z34: 0.8 | AA34: =100-Z34 -> 99.2 | AC34: №4 | AD34: 35 | AE34: 32 | AF34: =AE34*11/60 -> 5.8666667
Y35: Исходная руда №5 | Z35: 0.4 | AA35: =100-Z35 -> 99.6 | AC35: №5 | AD35: 10 | AE35: 33 | AF35: =AE35*11/60 -> 6.05
AA36: 99.5 | AE36: 34 | AF36: =AE36*11/60 -> 6.2333333
AE37: 35 | AF37: =AE37*11/60 -> 6.4166667
AE38: 36 | AF38: =AE38*11/60 -> 6.6
AE39: 37 | AF39: =AE39*11/60 -> 6.7833333
A40: Остаток МКР на начало смены | D40: 83 | AE40: 38 | AF40: =AE40*11/60 -> 6.9666667
A41: Выпуск МКР за смену | D41: =V17 -> 8 | H41: Время | J41: 0.375 | K41: 0.45833333 | M41: 0.54166667 | N41: 15:00 | O41: 17:00 | P41: 19:00 | Q41: ср.значение | AE41: 39 | AF41: =AE41*11/60 -> 7.15
A42: Отгружено МКР за смену | H42: рН слива ГЦ-1 | J42: 9.12 | K42: 9.03 | M42: 9.02 | N42: 10.34 | O42: 9.16 | P42: 9.9 | Q42: =AVERAGE(J42:P43) -> 9.4283333 | AE42: 40 | AF42: =AE42*11/60 -> 7.3333333
A43: Количество автомашин | R43: Старший контролер ОТК: Хамзина Л. | AE43: 41 | AF43: =AE43*11/60 -> 7.5166667
A44: Остаток МКР на конец смены | D44: =D40+D41-D42 -> 91 | R44: Контролер ОТК: Навроцкая Т. | AE44: 42 | AF44: =AE44*11/60 -> 7.7
AE45: 45 | AF45: =AE45*11/60 -> 8.25
AE46: 46 | AF46: =AE46*11/60 -> 8.4333333
AE47: 47 | AF47: =AE47*11/60 -> 8.6166667
AE48: 48 | AF48: =AE48*11/60 -> 8.8
AE49: 49 | AF49: =AE49*11/60 -> 8.9833333
AE50: 50 | AF50: =AE50*11/60 -> 9.1666667
AE51: 51 | AF51: =AE51*11/60 -> 9.35
AE52: 52 | AF52: =AE52*11/60 -> 9.5333333
AE53: 53 | AF53: =AE53*11/60 -> 9.7166667
AE54: 54 | AF54: =AE54*11/60 -> 9.9
AE55: 55 | AF55: =AE55*11/60 -> 10.083333
AE56: 56 | AF56: =AE56*11/60 -> 10.266667
... AE60: 60 | AF60: =AE60*11/60 -> 11

Sheet 02.01.26см1
A1: Дата | B1: 02.01.2026 | F1: Смена | G1: 1 | AE1: Мельница №5
B2: Плотность, % | N2: Ситовой анализ, % -74мкм | P2: Производительность мельниц, тн/ч | U2: все мельницы | V2: Выпуск МКР | W2: Время | X2: на начало смены | Y2: на конец смены | Z2: переработка по счетчику | AA2: № | AB2: Переработка Ручной замер | AE2: мин | AF2: тонн
A3: Время | B3: Слив мельниц | G3: Слив гидроциклона | I3: Сгуститель | K3: Классификатор | N3: Гидроциклон | AA3: МШР | AE3: 1 | AF3: =AE3*40/60 -> 0.66666667
B4: 1 | C4: 2 | D4: 3 | E4: 4 | F4: 5 | G4: 1ст | H4: 2ст | I4: 1 | J4: 2 | K4: 1 | L4: 3 | M4: 5 | N4: 1ст | O4: 2ст | P4: 1 | Q4: 2 | R4: 3 | S4: 4 | T4: 5 | AB4: Время | AC4: Мельница | AD4: Ручной | AE4: 2 | AF4: =AE4*40/60 -> 1.3333333
A5: 21 | P5: 34 | Q5: 0 | R5: 0 | S5: 34 | T5: 10.468 | U5: =SUM(P5:T5) -> 78.468 | W5: 21 | X5: ='01.01.26см2'!Y5 -> 511132.9 | Y5: =X5+P17 -> 511610.7 | Z5: =Y5-X5 -> 477.8 | AA5: 1 | AE5: 3 | AF5: =AE5*40/60 -> 2
A6: 22 | P6: 40 | Q6: 0 | R6: 0 | S6: 33 | T6: 10.765 | U6: =SUM(P6:T6) -> 83.765 | W6: 22 | X6: ='[1]31.12.25см2'!Y6 -> 810050.11 | Y6: =X6+R17 -> 810050.11 | Z6: =Y6-X6 -> 0 | AA6: 3 | AE6: 4 | AF6: =AE6*40/60 -> 2.6666667
A7: 23 | P7: 39 | Q7: 0 | R7: 0 | S7: 33 | T7: 10.928 | U7: =SUM(P7:T7) -> 82.928 | W7: 23 | X7: ='01.01.26см2'!Y7 -> 502926 | Y7: =X7+S17 -> 503328 | Z7: =Y7-X7 -> 402 | AA7: 4 | AB7: 0.875 | AC7: №1 | AD7: 40 | AE7: 5 | AF7: =AE7*40/60 -> 3.3333333
A8: 24 | B8: 66 | C8: 58 | E8: 69 | F8: 62 | G8: 45 | H8: 31 | K8: 55 | M8: 51 | N8: 52 | O8: 72 | P8: 41.1 | Q8: 0 | R8: 0 | S8: 34 | T8: 11.545 | U8: =SUM(P8:T8) -> 86.645 | V8: 1 | W8: 24 | X8: ='01.01.26см2'!Y8 -> 237.889 | Y8: =X8+T17 -> 375.175 | Z8: =T17 -> 137.286 | AA8: 5 | AC8: №3 | AE8: 6 | AF8: =AE8*40/60 -> 4
A9: 1 | P9: 41.6 | Q9: 0 | R9: 0 | S9: 34 | T9: 10.427 | U9: =SUM(P9:T9) -> 86.027 | V9: 1 | W9: 1 | X9: Итого производ - ность за смену | Z9: =SUM(Z5:Z8) -> 1017.086 | AC9: №4 | AD9: 34 | AE9: 7 | AF9: =AE9*40/60 -> 4.6666667
A10: 2 | P10: 41 | Q10: 0 | R10: 0 | S10: 33 | T10: 11.382 | U10: =SUM(P10:T10) -> 85.382 | W10: 2 | AC10: №5 | AD10: 10 | AE10: 8 | AF10: =AE10*40/60 -> 5.3333333
A11: 3 | P11: 40.8 | Q11: 0 | R11: 0 | S11: 33 | T11: 11.854 | U11: =SUM(P11:T11) -> 85.654 | V11: 2 | W11: 3 | X11: Руда с конвейера Сито 12 мм | AE11: 9 | AF11: =AE11*40/60 -> 6
A12: 4 | P12: 40.9 | Q12: 0 | R12: 0 | S12: 32 | T12: 12.003 | U12: =SUM(P12:T12) -> 84.903 | W12: 4 | AB12: 0.95833333 | AC12: №1 | AD12: 40 | AE12: 10 | AF12: =AE12*40/60 -> 6.6666667
A13: 5 | B13: 69 | C13: 61 | E13: 68 | F13: 68 | G13: 45 | H13: 33 | K13: 58 | M13: 46 | N13: 50 | O13: 73 | P13: 40 | Q13: 0 | R13: 0 | S13: 34 | T13: 11.773 | U13: =SUM(P13:T13) -> 85.773 | V13: 1 | W13: 5 | X13: Время | Y13: Мельница | Z13: + | AA13: - | AC13: №3 | AE13: 11 | AF13: =AE13*40/60 -> 7.3333333
A14: 6 | P14: 40.3 | Q14: 0 | R14: 0 | S14: 34 | T14: 12.99 | U14: =SUM(P14:T14) -> 87.29 | W14: 6 | X14: 0.91666667 | Y14: Исходная руда №1 | Z14: 0.5 | AA14: =100-Z14 -> 99.5 | AC14: №4 | AD14: 33 | AE14: 12 | AF14: =AE14*40/60 -> 8
A15: 7 | P15: 39.3 | Q15: 0 | R15: 0 | S15: 33 | T15: 11.992 | U15: =SUM(P15:T15) -> 84.292 | V15: 2 | W15: 7 | Y15: Исходная руда №3 | AA15: =100-Z15 -> 100 | AC15: №5 | AD15: 10 | AE15: 13 | AF15: =AE15*40/60 -> 8.6666667
A16: 8 | P16: 39.8 | Q16: 0 | R16: 0 | S16: 35 | T16: 11.159 | U16: =SUM(P16:T16) -> 85.959 | V16: 1 | W16: 8 | Y16: Исходная руда №4 | Z16: 0.9 | AA16: =100-Z16 -> 99.1 | AE16: 14 | AF16: =AE16*40/60 -> 9.3333333
A17: среднее | B17: =AVERAGE(B5:B15) -> 67.5 | C17: =AVERAGE(C5:C16) -> 59.5 | D17: =AVERAGE(D5:D15) -> #DIV/0! | E17: =AVERAGE(E5:E15) -> 68.5 | F17: =AVERAGE(F5:F15) -> 65 | G17: =AVERAGE(G5:G16) -> 45 | H17: =AVERAGE(H5:H16) -> 32 | I17: =AVERAGE(I5:I15) -> #DIV/0! | J17: =AVERAGE(J5:J15) -> #DIV/0! | K17: =AVERAGE(K5:K15) -> 56.5 | L17: =AVERAGE(L5:L15) -> #DIV/0! | M17: =AVERAGE(M5:M15) -> 48.5 | N17: =AVERAGE(N5:N15) -> 51 | O17: =AVERAGE(O5:O16) -> 72.5 | P17: =SUM(P5:P16) -> 477.8 | Q17: =SUM(Q5:Q16) -> 0 | R17: =SUM(R5:R16) -> 0 | S17: =SUM(S5:S16) -> 402 | T17: =SUM(T5:T16) -> 137.286 | U17: =SUM(P17:T17) -> 1017.086 | V17: =SUM(V5:V16) -> 8 | Y17: Исходная руда №5 | Z17: 0.7 | AA17: =100-Z17 -> 99.3 | AB17: 0.041666667 | AC17: №1 | AD17: 41 | AE17: 15 | AF17: =AE17*40/60 -> 10
AA18: =(AA14+AA16+AA17)/3 -> 99.3 | AC18: №3 | AE18: 16 | AF18: =AE18*40/60 -> 10.666667
A19: Загрузка шаров мельниц | C19: Ø, мм | D19: тн | F19: Примечание | I19: Ситовый анализ 01.01.26 см 2 | M19: Влага руды, % | P19: 1.9 | S19: 2 | T19: 2.1 | U19: =(U17-U20)/U17*100 -> 1.9665206 | X19: 0.041666667 | AA19: - | AC19: №4 | AD19: 34 | AE19: 17 | AF19: =AE19*40/60 -> 11.333333
A20: №1 | C20: 60 | D20: 0.3 | F20: новые | K20: % | M20: Итого СМТ по весам за смену | P20: =(P17-(P17*P19/100)) -> 468.7218 | R20: =(R17-(R17*R19/100)) -> 0 | S20: =(S17-(S17*S19/100)) -> 393.96 | T20: =(T17-(T17*T19/100)) -> 134.40299 | U20: =P20+Q20+R20+S20+T20 -> 997.08479 | Y20: Исходная руда №1 | Z20: 0.9 | AA20: =100-Z20 -> 99.1 | AC20: №5 | AD20: 10 | AE20: 18 | AF20: =AE20*40/60 -> 12
A21: №2 | C21: 30 | D21: 0.2 | F21: новые | I21: ГЦ№1 | J21: 45 | M21: Итого СМТ замер за смену | P21: =(U17-(U17*U19/100)) -> 997.08479 | Y21: Исходная руда №3 | AA21: =100-Z21 -> 100 | AE21: 19 | AF21: =AE21*40/60 -> 12.666667
A22: №4 | C22: 60 | D22: 0.15 | F22: новые | I22: 100 | J22: =I22-J21 -> 55 | K22: =J22/I22*100 -> 55 | Y22: Исходная руда №4 | Z22: 0.5 | AA22: =100-Z22 -> 99.5 | AB22: 0.125 | AC22: №1 | AD22: 40 | AE22: 20 | AF22: =AE22*40/60 -> 13.333333
A23: №5 | C23: 60 | D23: 0.15 | F23: новые | I23: ГЦ№2 | J23: 27 | M23: Итого за сутки: | Y23: Исходная руда №5 | Z23: 0.7 | AA23: =100-Z23 -> 99.3 | AC23: №3 | AE23: 21 | AF23: =AE23*40/60 -> 14
I24: 100 | J24: =I24-J23 -> 73 | K24: =J24/I24*100 -> 73 | M24: Итого с начала месяца: | AA24: =(AA20+AA22+AA23)/3 -> 99.3 | AC24: №4 | AD24: 33 | AE24: 22 | AF24: =AE24*40/60 -> 14.666667
X25: 0.125 | AA25: - | AC25: №5 | AD25: 10 | AE25: 23 | AF25: =AE25*40/60 -> 15.333333
Y26: Исходная руда №1 | Z26: 1 | AA26: =100-Z26 -> 99 | AE26: 24 | AF26: =AE26*40/60 -> 16
A27: Простой мельниц | C27: с | D27: до | F27: кол-во мин | H27: Причины простоя | Y27: Исходная руда №3 | AA27: =100-Z27 -> 100 | AB27: 0.20833333 | AC27: №1 | AD27: 41 | AE27: 25 | AF27: =AE27*40/60 -> 16.666667
A28: №3 | C28: 0.83333333 | D28: 0.33333333 | F28: 12часов | H28: МШР стоит - ППР. | Y28: Исходная руда №4 | Z28: 1.7 | AA28: =100-Z28 -> 98.3 | AC28: №3 | AE28: 26 | AF28: =AE28*40/60 -> 17.333333
H29: МШР №4 ручной замер - сбой эл счетчика. | Y29: Исходная руда №5 | Z29: 1.4 | AA29: =100-Z29 -> 98.6 | AC29: №4 | AD29: 34 | AE29: 27 | AF29: =AE29*40/60 -> 18
H30: В 20:30-20:35 остановили питание МШР №1 - перегруз. 5 мин | AA30: =(AA26+AA28+AA29)/3 -> 98.633333 | AC30: №5 | AD30: 11 | AE30: 28 | AF30: =AE30*40/60 -> 18.666667
X31: 0.20833333 | AA31: - | AE31: 29 | AF31: =AE31*40/60 -> 19.333333
Y32: Исходная руда №1 | Z32: 0.8 | AA32: =100-Z32 -> 99.2 | AB32: 0.29166667 | AC32: №1 | AD32: 41 | AE32: 30 | AF32: =AE32*40/60 -> 20
Y33: Исходная руда №3 | AA33: =100-Z33 -> 100 | AC33: №3 | AE33: 31 | AF33: =AE33*40/60 -> 20.666667
Y34: Исходная руда №4 | Z34: 1.1 | AA34: =100-Z34 -> 98.9 | AC34: №4 | AD34: 33 | AE34: 32 | AF34: =AE34*40/60 -> 21.333333
Y35: Исходная руда №5 | Z35: 1 | AA35: =100-Z35 -> 99 | AC35: №5 | AD35: 10 | AE35: 33 | AF35: =AE35*40/60 -> 22
AA36: =(AA32+AA34+AA35)/3 -> 99.033333 | AE36: 34 | AF36: =AE36*40/60 -> 22.666667
AE37: 35 | AF37: =AE37*40/60 -> 23.333333
AE38: 36 | AF38: =AE38*40/60 -> 24
AE39: 37 | AF39: =AE39*40/60 -> 24.666667
A40: Остаток МКР на начало смены | D40: 91 | AE40: 38 | AF40: =AE40*40/60 -> 25.333333
A41: Выпуск МКР за смену | D41: =V17 -> 8 | H41: Время | J41: 0.875 | K41: 0.95833333 | M41: 0.041666667 | N41: 03:00 | O41: 05:00 | P41: 07:00 | Q41: ср.значение | AE41: 39 | AF41: =AE41*40/60 -> 26
A42: Отгружено МКР за смену | H42: рН слива ГЦ-1 | J42: 9.5 | K42: 9.11 | M42: 9.59 | N42: 9.27 | O42: 10 | P42: 9.87 | Q42: =AVERAGE(J42:P43) -> 9.5566667 | AE42: 40 | AF42: =AE42*40/60 -> 26.666667
A43: Количество автомашин | R43: Старший контролер ОТК: Тусупбаева А. | AE43: 41 | AF43: =AE43*40/60 -> 27.333333
A44: Остаток МКР на конец смены | D44: =D40+D41-D42 -> 99 | R44: Контролер ОТК: Макулбеков Б. | AE44: 42 | AF44: =AE44*40/60 -> 28
AE45: 45 | AF45: =AE45*40/60 -> 30
AE46: 46 | AF46: =AE46*40/60 -> 30.666667
AE47: 47 | AF47: =AE47*40/60 -> 31.333333
AE48: 48 | AF48: =AE48*40/60 -> 32
AE49: 49 | AF49: =AE49*40/60 -> 32.666667
AE50: 50 | AF50: =AE50*40/60 -> 33.333333
AE51: 51 | AF51: =AE51*40/60 -> 34
AE52: 52 | AF52: =AE52*40/60 -> 34.666667
AE53: 53 | AF53: =AE53*40/60 -> 35.333333
AE54: 54 | AF54: =AE54*40/60 -> 36
AE55: 55 | AF55: =AE55*40/60 -> 36.666667
AE56: 56 | AF56: =AE56*40/60 -> 37.333333
... AE60: 60 | AF60: =AE60*40/60 -> 40

Sheet 02.01.26см2
A1: Дата | B1: 02.01.2026 | F1: Смена | G1: 2 | AE1: Мельница №5
B2: Плотность, % | N2: Ситовой анализ, % -74мкм | P2: Производительность мельниц, тн/ч | U2: все мельницы | V2: Выпуск МКР | W2: Время | X2: на начало смены | Y2: на конец смены | Z2: переработка по счетчику | AA2: № | AB2: Переработка Ручной замер | AE2: мин | AF2: тонн
A3: Время | B3: Слив мельниц | G3: Слив гидроциклона | I3: Сгуститель | K3: Классификатор | N3: Гидроциклон | AA3: МШР | AE3: 1 | AF3: =AE3*11/60 -> 0.18333333
B4: 1 | C4: 2 | D4: 3 | E4: 4 | F4: 5 | G4: 1ст | H4: 2ст | I4: 1 | J4: 2 | K4: 1 | L4: 3 | M4: 5 | N4: 1ст | O4: 2ст | P4: 1 | Q4: 2 | R4: 3 | S4: 4 | T4: 5 | AB4: Время | AC4: Мельница | AD4: Ручной | AE4: 2 | AF4: =AE4*11/60 -> 0.36666667
A5: 9 | P5: 41.7 | Q5: 0 | R5: 0 | S5: 35 | T5: 10.501 | U5: =SUM(P5:T5) -> 87.201 | W5: 9 | X5: 511610.7 | Y5: =X5+P17 -> 512074.7 | Z5: =Y5-X5 -> 464 | AA5: 1 | AE5: 3 | AF5: =AE5*11/60 -> 0.55
A6: 10 | P6: 31.9 | Q6: 0 | R6: 0 | S6: 35 | T6: 11.456 | U6: =SUM(P6:T6) -> 78.356 | V6: 2 | W6: 10 | X6: 810050.11 | Y6: =X6+R17 -> 810050.11 | Z6: =Y6-X6 -> 0 | AA6: 3 | AE6: 4 | AF6: =AE6*11/60 -> 0.73333333
A7: 11 | B7: 67 | C7: 58 | E7: 62 | F7: 65 | G7: 46 | H7: 32 | I7: 48 | J7: 8 | K7: 55 | M7: 47 | N7: 49 | O7: 71 | P7: 42.9 | Q7: 0 | R7: 0 | S7: 34 | T7: 11.43 | U7: =SUM(P7:T7) -> 88.33 | V7: 1 | W7: 11 | X7: 503328 | Y7: =X7+S17 -> 503746 | Z7: =Y7-X7 -> 418 | AA7: 4 | AB7: 0.375 | AC7: №1 | AD7: 42 | AE7: 5 | AF7: =AE7*11/60 -> 0.91666667
A8: 12 | P8: 35 | Q8: 0 | R8: 0 | S8: 35 | T8: 10.862 | U8: =SUM(P8:T8) -> 80.862 | V8: 1 | W8: 12 | X8: 375.175 | Y8: =X8+T17 -> 510.691 | Z8: =T17 -> 135.516 | AA8: 5 | AC8: №3 | AE8: 6 | AF8: =AE8*11/60 -> 1.1
A9: 13 | P9: 38.9 | Q9: 0 | R9: 0 | S9: 34 | T9: 9.499 | U9: =SUM(P9:T9) -> 82.399 | W9: 13 | X9: Итого производ - ность за смену | Z9: =SUM(Z5:Z8) -> 1017.516 | AC9: №4 | AD9: 35 | AE9: 7 | AF9: =AE9*11/60 -> 1.2833333
A10: 14 | P10: 44.4 | Q10: 0 | R10: 0 | S10: 34 | T10: 11.493 | U10: =SUM(P10:T10) -> 89.893 | V10: 1 | W10: 14 | AC10: №5 | AD10: 10 | AE10: 8 | AF10: =AE10*11/60 -> 1.4666667
A11: 15 | P11: 42.5 | Q11: 0 | R11: 0 | S11: 35 | T11: 12.048 | U11: =SUM(P11:T11) -> 89.548 | V11: 1 | W11: 15 | X11: Руда с конвейера Сито 12 мм | AE11: 9 | AF11: =AE11*11/60 -> 1.65
A12: 16 | P12: 34.9 | Q12: 0 | R12: 0 | S12: 34 | T12: 11.429 | U12: =SUM(P12:T12) -> 80.329 | V12: 1 | W12: 16 | AB12: 0.45833333 | AC12: №1 | AD12: 41 | AE12: 10 | AF12: =AE12*11/60 -> 1.8333333
A13: 17 | B13: 69 | C13: 57 | E13: 64 | F13: 65 | G13: 43 | H13: 29 | I13: 2 | J13: 7 | K13: 53 | M13: 49 | N13: 54 | O13: 72 | P13: 30 | Q13: 0 | R13: 0 | S13: 35 | T13: 11.399 | U13: =SUM(P13:T13) -> 76.399 | V13: 1 | W13: 17 | X13: Время | Y13: Мельница | Z13: + | AA13: - | AC13: №3 | AE13: 11 | AF13: =AE13*11/60 -> 2.0166667
A14: 18 | P14: 40.4 | Q14: 0 | R14: 0 | S14: 36 | T14: 9.273 | U14: =SUM(P14:T14) -> 85.673 | V14: 2 | W14: 18 | X14: 0.41666667 | Y14: Исходная руда №1 | Z14: 0.9 | AA14: =100-Z14 -> 99.1 | AC14: №4 | AD14: 34 | AE14: 12 | AF14: =AE14*11/60 -> 2.2
A15: 19 | P15: 41.6 | Q15: 0 | R15: 0 | S15: 36 | T15: 12.819 | U15: =SUM(P15:T15) -> 90.419 | W15: 19 | Y15: Исходная руда №3 | AA15: =100-Z15 -> 100 | AC15: №5 | AD15: 10 | AE15: 13 | AF15: =AE15*11/60 -> 2.3833333
A16: 20 | P16: 39.8 | Q16: 0 | R16: 0 | S16: 35 | T16: 13.307 | U16: =SUM(P16:T16) -> 88.107 | V16: 2 | W16: 20 | Y16: Исходная руда №4 | Z16: 0.6 | AA16: =100-Z16 -> 99.4 | AE16: 14 | AF16: =AE16*11/60 -> 2.5666667
A17: среднее | B17: =AVERAGE(B5:B15) -> 68 | C17: =AVERAGE(C5:C16) -> 57.5 | D17: =AVERAGE(D5:D15) -> #DIV/0! | E17: =AVERAGE(E5:E15) -> 63 | F17: =AVERAGE(F5:F15) -> 65 | G17: =AVERAGE(G5:G16) -> 44.5 | H17: =AVERAGE(H5:H16) -> 30.5 | I17: =AVERAGE(I5:I15) -> 25 | J17: =AVERAGE(J5:J15) -> 7.5 | K17: =AVERAGE(K5:K15) -> 54 | L17: =AVERAGE(L5:L15) -> #DIV/0! | M17: =AVERAGE(M5:M15) -> 48 | N17: =AVERAGE(N5:N15) -> 51.5 | O17: =AVERAGE(O5:O16) -> 71.5 | P17: =SUM(P5:P16) -> 464 | Q17: =SUM(Q5:Q16) -> 0 | R17: =SUM(R5:R16) -> 0 | S17: =SUM(S5:S16) -> 418 | T17: =SUM(T5:T16) -> 135.516 | U17: =SUM(P17:T17) -> 1017.516 | V17: =SUM(V5:V16) -> 12 | Y17: Исходная руда №5 | Z17: 1.1 | AA17: =100-Z17 -> 98.9 | AB17: 0.54166667 | AC17: №1 | AD17: 41 | AE17: 15 | AF17: =AE17*11/60 -> 2.75
AA18: 99.13 | AC18: №3 | AE18: 16 | AF18: =AE18*11/60 -> 2.9333333
A19: Загрузка шаров мельниц | C19: Ø, мм | D19: тн | F19: Примечание | I19: Ситовый анализ 02.01.26 см 1 | M19: Влага руды, % | P19: 2.1 | S19: 2 | T19: 2.3 | U19: =(U17-U20)/U17*100 -> 2.0855562 | X19: 0.5 | AA19: - | AC19: №4 | AD19: 34 | AE19: 17 | AF19: =AE19*11/60 -> 3.1166667
A20: №1 | C20: 60 | D20: 0.15 | F20: новые | K20: % | M20: Итого СМТ по весам за смену | P20: =(P17-(P17*P19/100)) -> 454.256 | R20: =(R17-(R17*R19/100)) -> 0 | S20: =(S17-(S17*S19/100)) -> 409.64 | T20: =(T17-(T17*T19/100)) -> 132.39913 | U20: =P20+Q20+R20+S20+T20 -> 996.29513 | Y20: Исходная руда №1 | Z20: 0.2 | AA20: =100-Z20 -> 99.8 | AC20: №5 | AD20: 10 | AE20: 18 | AF20: =AE20*11/60 -> 3.3
A21: №2 | C21: 30 | D21: 0.15 | F21: новые | I21: ГЦ№1 | J21: 49 | M21: Итого СМТ замер за смену | P21: =(U17-(U17*U19/100)) -> 996.29513 | Y21: Исходная руда №3 | AA21: =100-Z21 -> 100 | AE21: 19 | AF21: =AE21*11/60 -> 3.4833333
A22: №4 | C22: 60 | D22: 0.15 | F22: новые | I22: 100 | J22: =I22-J21 -> 51 | K22: =J22/I22*100 -> 51 | Y22: Исходная руда №4 | Z22: 0.2 | AA22: =100-Z22 -> 99.8 | AB22: 0.625 | AC22: №1 | AD22: 42 | AE22: 20 | AF22: =AE22*11/60 -> 3.6666667
A23: №5 | C23: 60 | D23: 0.15 | F23: новые | I23: ГЦ№2 | J23: 28 | M23: Итого за сутки: | Y23: Исходная руда №5 | Z23: 0.3 | AA23: =100-Z23 -> 99.7 | AC23: №3 | AE23: 21 | AF23: =AE23*11/60 -> 3.85
I24: 100 | J24: =I24-J23 -> 72 | K24: =J24/I24*100 -> 72 | M24: Итого с начала месяца: | AA24: 99.76 | AC24: №4 | AD24: 35 | AE24: 22 | AF24: =AE24*11/60 -> 4.0333333
X25: 0.625 | AA25: - | AC25: №5 | AD25: 10 | AE25: 23 | AF25: =AE25*11/60 -> 4.2166667
Y26: Исходная руда №1 | Z26: 0.3 | AA26: =100-Z26 -> 99.7 | AE26: 24 | AF26: =AE26*11/60 -> 4.4
A27: Простой мельниц | C27: с | D27: до | F27: кол-во мин | H27: Причины простоя | Y27: Исходная руда №3 | AA27: =100-Z27 -> 100 | AB27: 0.70833333 | AC27: №1 | AD27: 37 | AE27: 25 | AF27: =AE27*11/60 -> 4.5833333
H28: МШР №4 ручной замер - сбой эл счетчика. | Y28: Исходная руда №4 | Z28: 0.6 | AA28: =100-Z28 -> 99.4 | AC28: №3 | AE28: 26 | AF28: =AE28*11/60 -> 4.7666667
A29: №3 | C29: 0.33333333 | D29: 0.83333333 | F29: 12 часов | H29: МШР стоит - ППР. | Y29: Исходная руда №5 | Z29: 0.5 | AA29: =100-Z29 -> 99.5 | AC29: №4 | AD29: 35 | AE29: 27 | AF29: =AE29*11/60 -> 4.95
H30: В 09:36 - 09:48 остановили питание МШР №1 - перегруз.12мин,11:25:11:30. 5мин 15:30 - 15:39. 9мин 16:05-16:16. 11 мин | AA30: 99.53 | AC30: №5 | AD30: 10 | AE30: 28 | AF30: =AE30*11/60 -> 5.1333333
H31: В 09:20 перешли на 1 секцию флотации. В 9:30 остановили 2 секцию флотации. | X31: 0.70833333 | AA31: - | AE31: 29 | AF31: =AE31*11/60 -> 5.3166667
Y32: Исходная руда №1 | Z32: 1.2 | AA32: =100-Z32 -> 98.8 | AB32: 0.79166667 | AC32: №1 | AD32: 42 | AE32: 30 | AF32: =AE32*11/60 -> 5.5
Y33: Исходная руда №3 | AA33: =100-Z33 -> 100 | AC33: №3 | AE33: 31 | AF33: =AE33*11/60 -> 5.6833333
Y34: Исходная руда №4 | Z34: 0.7 | AA34: =100-Z34 -> 99.3 | AC34: №4 | AD34: 36 | AE34: 32 | AF34: =AE34*11/60 -> 5.8666667
Y35: Исходная руда №5 | Z35: 0.5 | AA35: =100-Z35 -> 99.5 | AC35: №5 | AD35: 11 | AE35: 33 | AF35: =AE35*11/60 -> 6.05
AA36: =(AA32+AA33+AA34+AA35)/4 -> 99.4 | AE36: 34 | AF36: =AE36*11/60 -> 6.2333333
AE37: 35 | AF37: =AE37*11/60 -> 6.4166667
AE38: 36 | AF38: =AE38*11/60 -> 6.6
AE39: 37 | AF39: =AE39*11/60 -> 6.7833333
A40: Остаток МКР на начало смены | D40: 99 | AE40: 38 | AF40: =AE40*11/60 -> 6.9666667
A41: Выпуск МКР за смену | D41: =V17 -> 12 | H41: Время | J41: 0.375 | K41: 0.45833333 | M41: 0.54166667 | N41: 15:00 | O41: 17:00 | P41: 19:00 | Q41: ср.значение | AE41: 39 | AF41: =AE41*11/60 -> 7.15
A42: Отгружено МКР за смену | D42: 56 | H42: рН слива ГЦ-1 | J42: 9.65 | K42: 9.95 | M42: 10.56 | N42: 10.78 | O42: 10 | P42: 9.9 | Q42: =AVERAGE(J42:P43) -> 10.14 | AE42: 40 | AF42: =AE42*11/60 -> 7.3333333
A43: Количество автомашин | D43: 3 | R43: Старший контролер ОТК: Хамзина Л. | AE43: 41 | AF43: =AE43*11/60 -> 7.5166667
A44: Остаток МКР на конец смены | D44: =D40+D41-D42 -> 55 | R44: Контролер ОТК: Навроцкая Т. | AE44: 42 | AF44: =AE44*11/60 -> 7.7
AE45: 45 | AF45: =AE45*11/60 -> 8.25
AE46: 46 | AF46: =AE46*11/60 -> 8.4333333
AE47: 47 | AF47: =AE47*11/60 -> 8.6166667
AE48: 48 | AF48: =AE48*11/60 -> 8.8
AE49: 49 | AF49: =AE49*11/60 -> 8.9833333
AE50: 50 | AF50: =AE50*11/60 -> 9.1666667
AE51: 51 | AF51: =AE51*11/60 -> 9.35
AE52: 52 | AF52: =AE52*11/60 -> 9.5333333
AE53: 53 | AF53: =AE53*11/60 -> 9.7166667
AE54: 54 | AF54: =AE54*11/60 -> 9.9
AE55: 55 | AF55: =AE55*11/60 -> 10.083333
AE56: 56 | AF56: =AE56*11/60 -> 10.266667
... AE60: 60 | AF60: =AE60*11/60 -> 11

Sheet 03.01.26см1
A1: Дата | B1: 03.01.2026 | F1: Смена | G1: 1 | AE1: Мельница №5
B2: Плотность, % | N2: Ситовой анализ, % -74мкм | P2: Производительность мельниц, тн/ч | U2: все мельницы | V2: Выпуск МКР | W2: Время | X2: на начало смены | Y2: на конец смены | Z2: переработка по счетчику | AA2: № | AB2: Переработка Ручной замер | AE2: мин | AF2: тонн
A3: Время | B3: Слив мельниц | G3: Слив гидроциклона | I3: Сгуститель | K3: Классификатор | N3: Гидроциклон | AA3: МШР | AE3: 1 | AF3: =AE3*40/60 -> 0.66666667
B4: 1 | C4: 2 | D4: 3 | E4: 4 | F4: 5 | G4: 1ст | H4: 2ст | I4: 1 | J4: 2 | K4: 1 | L4: 3 | M4: 5 | N4: 1ст | O4: 2ст | P4: 1 | Q4: 2 | R4: 3 | S4: 4 | T4: 5 | AB4: Время | AC4: Мельница | AD4: Ручной | AE4: 2 | AF4: =AE4*40/60 -> 1.3333333
A5: 21 | P5: 40.8 | Q5: 0 | R5: 0 | S5: 34 | T5: 12.05 | U5: =SUM(P5:T5) -> 86.85 | W5: 21 | X5: ='02.01.26см2'!Y5 -> 512074.7 | Y5: =X5+P17 -> 512574.7 | Z5: =Y5-X5 -> 500 | AA5: 1 | AE5: 3 | AF5: =AE5*40/60 -> 2
A6: 22 | P6: 42.2 | Q6: 0 | R6: 0 | S6: 35 | T6: 13.804 | U6: =SUM(P6:T6) -> 91.004 | V6: 2 | W6: 22 | X6: ='02.01.26см2'!X6 -> 810050.11 | Y6: =X6+R17 -> 810050.11 | Z6: =Y6-X6 -> 0 | AA6: 3 | AE6: 4 | AF6: =AE6*40/60 -> 2.6666667
A7: 23 | P7: 41.2 | Q7: 0 | R7: 0 | S7: 34 | T7: 13.508 | U7: =SUM(P7:T7) -> 88.708 | V7: 3 | W7: 23 | X7: ='02.01.26см2'!Y7 -> 503746 | Y7: ='02.01.26см2'!Y7 -> 503746 | Z7: =Y7-X7 -> 0 | AA7: 4 | AB7: 0.875 | AC7: №1 | AD7: 41 | AE7: 5 | AF7: =AE7*40/60 -> 3.3333333
A8: 24 | B8: 71 | C8: 59 | E8: 65 | F8: 65 | G8: 44 | H8: 27 | K8: 59 | M8: 51 | N8: 56 | O8: 74 | P8: 42.8 | Q8: 0 | R8: 0 | S8: 34 | T8: 13.266 | U8: =SUM(P8:T8) -> 90.066 | V8: 1 | W8: 24 | X8: ='02.01.26см2'!Y8 -> 510.691 | Y8: =X8+T17 -> 667.946 | Z8: =T17 -> 157.255 | AA8: 5 | AC8: №3 | AE8: 6 | AF8: =AE8*40/60 -> 4
A9: 1 | P9: 39.9 | Q9: 0 | R9: 0 | S9: 35 | T9: 12.587 | U9: =SUM(P9:T9) -> 87.487 | W9: 1 | X9: Итого производ - ность за смену | Z9: =SUM(Z5:Z8) -> 657.255 | AC9: №4 | AD9: 34 | AE9: 7 | AF9: =AE9*40/60 -> 4.6666667
A10: 2 | P10: 39.7 | Q10: 0 | R10: 0 | S10: 33 | T10: 12.597 | U10: =SUM(P10:T10) -> 85.297 | V10: 1 | W10: 2 | AC10: №5 | AD10: 11 | AE10: 8 | AF10: =AE10*40/60 -> 5.3333333
A11: 3 | P11: 43.9 | Q11: 0 | R11: 0 | S11: 34 | T11: 13.326 | U11: =SUM(P11:T11) -> 91.226 | V11: 1 | W11: 3 | X11: Руда с конвейера Сито 12 мм | AE11: 9 | AF11: =AE11*40/60 -> 6
A12: 4 | P12: 41.7 | Q12: 0 | R12: 0 | S12: 35 | T12: 13.441 | U12: =SUM(P12:T12) -> 90.141 | V12: 1 | W12: 4 | AB12: 0.95833333 | AC12: №1 | AD12: 40 | AE12: 10 | AF12: =AE12*40/60 -> 6.6666667
A13: 5 | B13: 68 | C13: 61 | E13: 69 | F13: 67 | G13: 48 | H13: 33 | K13: 59 | M13: 54 | N13: 50 | O13: 72 | P13: 40.7 | Q13: 0 | R13: 0 | S13: 34 | T13: 12.644 | U13: =SUM(P13:T13) -> 87.344 | V13: 1 | W13: 5 | X13: Время | Y13: Мельница | Z13: + | AA13: - | AC13: №3 | AE13: 11 | AF13: =AE13*40/60 -> 7.3333333
A14: 6 | P14: 42.6 | Q14: 0 | R14: 0 | S14: 35 | T14: 12.462 | U14: =SUM(P14:T14) -> 90.062 | V14: 1 | W14: 6 | X14: 0.91666667 | Y14: Исходная руда №1 | Z14: 1 | AA14: =100-Z14 -> 99 | AC14: №4 | AD14: 34 | AE14: 12 | AF14: =AE14*40/60 -> 8
A15: 7 | P15: 43.6 | Q15: 0 | R15: 0 | S15: 33 | T15: 14.099 | U15: =SUM(P15:T15) -> 90.699 | V15: 1 | W15: 7 | Y15: Исходная руда №3 | AA15: =100-Z15 -> 100 | AC15: №5 | AD15: 12 | AE15: 13 | AF15: =AE15*40/60 -> 8.6666667
A16: 8 | P16: 40.9 | Q16: 0 | R16: 0 | S16: 33 | T16: 13.471 | U16: =SUM(P16:T16) -> 87.371 | V16: 1 | W16: 8 | Y16: Исходная руда №4 | Z16: 0.7 | AA16: =100-Z16 -> 99.3 | AE16: 14 | AF16: =AE16*40/60 -> 9.3333333
A17: среднее | B17: =AVERAGE(B5:B15) -> 69.5 | C17: =AVERAGE(C5:C16) -> 60 | D17: =AVERAGE(D5:D15) -> #DIV/0! | E17: =AVERAGE(E5:E15) -> 67 | F17: =AVERAGE(F5:F15) -> 66 | G17: =AVERAGE(G5:G16) -> 46 | H17: =AVERAGE(H5:H16) -> 30 | I17: =AVERAGE(I5:I15) -> #DIV/0! | J17: =AVERAGE(J5:J15) -> #DIV/0! | K17: =AVERAGE(K5:K15) -> 59 | L17: =AVERAGE(L5:L15) -> #DIV/0! | M17: =AVERAGE(M5:M15) -> 52.5 | N17: =AVERAGE(N5:N15) -> 53 | O17: =AVERAGE(O5:O16) -> 73 | P17: =SUM(P5:P16) -> 500 | Q17: =SUM(Q5:Q16) -> 0 | R17: =SUM(R5:R16) -> 0 | S17: =SUM(S5:S16) -> 409 | T17: =SUM(T5:T16) -> 157.255 | U17: =SUM(P17:T17) -> 1066.255 | V17: =SUM(V5:V16) -> 13 | Y17: Исходная руда №5 | Z17: 0.9 | AA17: =100-Z17 -> 99.1 | AB17: 0.041666667 | AC17: №1 | AD17: 40 | AE17: 15 | AF17: =AE17*40/60 -> 10
AA18: =(AA14+AA16+AA17)/3 -> 99.133333 | AC18: №3 | AE18: 16 | AF18: =AE18*40/60 -> 10.666667
A19: Загрузка шаров мельниц | C19: Ø, мм | D19: тн | F19: Примечание | I19: Ситовый анализ 02.01.26 см 2 | M19: Влага руды, % | P19: 2.6 | S19: 2.5 | T19: 2.2 | U19: =(U17-U20)/U17*100 -> 2.5026481 | X19: 0.041666667 | AA19: - | AC19: №4 | AD19: 35 | AE19: 17 | AF19: =AE19*40/60 -> 11.333333
A20: №1 | C20: 60 | D20: 0.2 | F20: новые | K20: % | M20: Итого СМТ по весам за смену | P20: =(P17-(P17*P19/100)) -> 487 | R20: =(R17-(R17*R19/100)) -> 0 | S20: =(S17-(S17*S19/100)) -> 398.775 | T20: =(T17-(T17*T19/100)) -> 153.79539 | U20: =P20+Q20+R20+S20+T20 -> 1039.5704 | Y20: Исходная руда №1 | Z20: 1.6 | AA20: =100-Z20 -> 98.4 | AC20: №5 | AD20: 11 | AE20: 18 | AF20: =AE20*40/60 -> 12
A21: №4 | C21: 60 | D21: 0.2 | F21: новые | I21: ГЦ№1 | J21: 50 | M21: Итого СМТ замер за смену | P21: =(U17-(U17*U19/100)) -> 1039.5704 | Y21: Исходная руда №3 | AA21: =100-Z21 -> 100 | AE21: 19 | AF21: =AE21*40/60 -> 12.666667
A22: №5 | C22: 60 | D22: 0.1 | F22: новые | I22: 100 | J22: =I22-J21 -> 50 | K22: =J22/I22*100 -> 50 | Y22: Исходная руда №4 | Z22: 1.3 | AA22: =100-Z22 -> 98.7 | AB22: 0.125 | AC22: №1 | AD22: 42 | AE22: 20 | AF22: =AE22*40/60 -> 13.333333
I23: ГЦ№2 | J23: 29 | M23: Итого за сутки: | Y23: Исходная руда №5 | Z23: 1.5 | AA23: =100-Z23 -> 98.5 | AC23: №3 | AE23: 21 | AF23: =AE23*40/60 -> 14
I24: 100 | J24: =I24-J23 -> 71 | K24: =J24/I24*100 -> 71 | M24: Итого с начала месяца: | AA24: =(AA20+AA22+AA23)/3 -> 98.533333 | AC24: №4 | AD24: 34 | AE24: 22 | AF24: =AE24*40/60 -> 14.666667
X25: 0.125 | AA25: - | AC25: №5 | AD25: 12 | AE25: 23 | AF25: =AE25*40/60 -> 15.333333
Y26: Исходная руда №1 | Z26: 0.9 | AA26: =100-Z26 -> 99.1 | AE26: 24 | AF26: =AE26*40/60 -> 16
A27: Простой мельниц | C27: с | D27: до | F27: кол-во мин | H27: Причины простоя | Y27: Исходная руда №3 | AA27: =100-Z27 -> 100 | AB27: 0.20833333 | AC27: №1 | AD27: 40 | AE27: 25 | AF27: =AE27*40/60 -> 16.666667
H28: МШР №4 ручной замер - сбой эл счетчика. | Y28: Исходная руда №4 | Z28: 1 | AA28: =100-Z28 -> 99 | AC28: №3 | AE28: 26 | AF28: =AE28*40/60 -> 17.333333
A29: №3 | C29: 0.83333333 | D29: 0.33333333 | F29: 12 часов | H29: МШР стоит - ППР. | Y29: Исходная руда №5 | Z29: 1.2 | AA29: =100-Z29 -> 98.8 | AC29: №4 | AD29: 34 | AE29: 27 | AF29: =AE29*40/60 -> 18
AA30: =(AA26+AA28+AA29)/3 -> 98.966667 | AC30: №5 | AD30: 11 | AE30: 28 | AF30: =AE30*40/60 -> 18.666667
X31: 0.20833333 | AA31: - | AE31: 29 | AF31: =AE31*40/60 -> 19.333333
Y32: Исходная руда №1 | Z32: 0.6 | AA32: =100-Z32 -> 99.4 | AB32: 0.29166667 | AC32: №1 | AD32: 40 | AE32: 30 | AF32: =AE32*40/60 -> 20
Y33: Исходная руда №3 | AA33: =100-Z33 -> 100 | AC33: №3 | AE33: 31 | AF33: =AE33*40/60 -> 20.666667
Y34: Исходная руда №4 | Z34: 1.3 | AA34: =100-Z34 -> 98.7 | AC34: №4 | AD34: 33 | AE34: 32 | AF34: =AE34*40/60 -> 21.333333
Y35: Исходная руда №5 | Z35: 0.4 | AA35: =100-Z35 -> 99.6 | AC35: №5 | AD35: 12 | AE35: 33 | AF35: =AE35*40/60 -> 22
AA36: =(AA32+AA34+AA35)/3 -> 99.233333 | AE36: 34 | AF36: =AE36*40/60 -> 22.666667
AE37: 35 | AF37: =AE37*40/60 -> 23.333333
AE38: 36 | AF38: =AE38*40/60 -> 24
AE39: 37 | AF39: =AE39*40/60 -> 24.666667
A40: Остаток МКР на начало смены | D40: 55 | AE40: 38 | AF40: =AE40*40/60 -> 25.333333
A41: Выпуск МКР за смену | D41: =V17 -> 13 | H41: Время | J41: 0.875 | K41: 0.95833333 | M41: 0.041666667 | N41: 03:00 | O41: 05:00 | P41: 07:00 | Q41: ср.значение | AE41: 39 | AF41: =AE41*40/60 -> 26
A42: Отгружено МКР за смену | H42: рН слива ГЦ-1 | J42: 9.59 | K42: 9.11 | M42: 10 | N42: 9.86 | O42: 9.66 | P42: 10.08 | Q42: =AVERAGE(J42:P43) -> 9.7166667 | AE42: 40 | AF42: =AE42*40/60 -> 26.666667
A43: Количество автомашин | R43: Старший контролер ОТК: Тусупбаева А. | AE43: 41 | AF43: =AE43*40/60 -> 27.333333
A44: Остаток МКР на конец смены | D44: =D40+D41-D42 -> 68 | R44: Контролер ОТК: Макулбеков Б. | AE44: 42 | AF44: =AE44*40/60 -> 28
AE45: 45 | AF45: =AE45*40/60 -> 30
AE46: 46 | AF46: =AE46*40/60 -> 30.666667
AE47: 47 | AF47: =AE47*40/60 -> 31.333333
AE48: 48 | AF48: =AE48*40/60 -> 32
AE49: 49 | AF49: =AE49*40/60 -> 32.666667
AE50: 50 | AF50: =AE50*40/60 -> 33.333333
AE51: 51 | AF51: =AE51*40/60 -> 34
AE52: 52 | AF52: =AE52*40/60 -> 34.666667
AE53: 53 | AF53: =AE53*40/60 -> 35.333333
AE54: 54 | AF54: =AE54*40/60 -> 36
AE55: 55 | AF55: =AE55*40/60 -> 36.666667
AE56: 56 | AF56: =AE56*40/60 -> 37.333333
... AE60: 60 | AF60: =AE60*40/60 -> 40

Sheet 03.01.26см2
A1: Дата | B1: 03.01.2026 | F1: Смена | G1: 2 | AE1: Мельница №5
B2: Плотность, % | N2: Ситовой анализ, % -74мкм | P2: Производительность мельниц, тн/ч | U2: все мельницы | V2: Выпуск МКР | W2: Время | X2: на начало смены | Y2: на конец смены | Z2: переработка по счетчику | AA2: № | AB2: Переработка Ручной замер | AE2: мин | AF2: тонн
A3: Время | B3: Слив мельниц | G3: Слив гидроциклона | I3: Сгуститель | K3: Классификатор | N3: Гидроциклон | AA3: МШР | AE3: 1 | AF3: =AE3*11/60 -> 0.18333333
B4: 1 | C4: 2 | D4: 3 | E4: 4 | F4: 5 | G4: 1ст | H4: 2ст | I4: 1 | J4: 2 | K4: 1 | L4: 3 | M4: 5 | N4: 1ст | O4: 2ст | P4: 1 | Q4: 2 | R4: 3 | S4: 4 | T4: 5 | AB4: Время | AC4: Мельница | AD4: Ручной | AE4: 2 | AF4: =AE4*11/60 -> 0.36666667
A5: 9 | P5: 42 | Q5: 0 | R5: 0 | S5: 34 | T5: 13.513 | U5: =SUM(P5:T5) -> 89.513 | W5: 9 | X5: 512574.7 | Y5: =X5+P17 -> 513065.5 | Z5: =Y5-X5 -> 490.8 | AA5: 1 | AE5: 3 | AF5: =AE5*11/60 -> 0.55
A6: 10 | P6: 42.9 | Q6: 0 | R6: 0 | S6: 35 | T6: 13.638 | U6: =SUM(P6:T6) -> 91.538 | V6: 1 | W6: 10 | X6: 810050.11 | Y6: =X6+R17 -> 810199.56 | Z6: =Y6-X6 -> 149.451 | AA6: 3 | AE6: 4 | AF6: =AE6*11/60 -> 0.73333333
A7: 11 | B7: 66 | C7: 63 | E7: 62 | F7: 62 | G7: 44 | H7: 33 | I7: 16 | J7: 0 | K7: 54 | M7: 47 | N7: 55 | O7: 72 | P7: 42 | Q7: 0 | R7: 0 | S7: 33 | T7: 13.462 | U7: =SUM(P7:T7) -> 88.462 | V7: 1 | W7: 11 | X7: 503746 | Y7: =X7+S17 -> 504121 | Z7: =Y7-X7 -> 375 | AA7: 4 | AB7: 0.375 | AC7: №1 | AD7: 42 | AE7: 5 | AF7: =AE7*11/60 -> 0.91666667
A8: 12 | P8: 40.7 | Q8: 0 | R8: 0 | S8: 34 | T8: 13.195 | U8: =SUM(P8:T8) -> 87.895 | V8: 1 | W8: 12 | X8: 667.946 | Y8: =X8+T17 -> 824.758 | Z8: =T17 -> 156.812 | AA8: 5 | AC8: №3 | AE8: 6 | AF8: =AE8*11/60 -> 1.1
A9: 13 | P9: 40.1 | Q9: 0 | R9: 0 | S9: 32 | T9: 12.974 | U9: =SUM(P9:T9) -> 85.074 | W9: 13 | X9: Итого производ - ность за смену | Z9: =SUM(Z5:Z8) -> 1172.063 | AC9: №4 | AD9: 34 | AE9: 7 | AF9: =AE9*11/60 -> 1.2833333
A10: 14 | P10: 39.8 | Q10: 0 | R10: 0 | S10: 33 | T10: 12.429 | U10: =SUM(P10:T10) -> 85.229 | W10: 14 | AC10: №5 | AD10: 11 | AE10: 8 | AF10: =AE10*11/60 -> 1.4666667
A11: 15 | P11: 40.7 | Q11: 0 | R11: 0 | S11: 33 | T11: 12.18 | U11: =SUM(P11:T11) -> 85.88 | V11: 1 | W11: 15 | X11: Руда с конвейера Сито 12 мм | AE11: 9 | AF11: =AE11*11/60 -> 1.65
A12: 16 | P12: 40 | Q12: 0 | R12: 0 | S12: 32 | T12: 12.903 | U12: =SUM(P12:T12) -> 84.903 | V12: 3 | W12: 16 | AB12: 0.45833333 | AC12: №1 | AD12: 41 | AE12: 10 | AF12: =AE12*11/60 -> 1.8333333
A13: 17 | B13: 62 | C13: 58 | E13: 56 | F13: 61 | G13: 46 | H13: 28 | I13: 13 | K13: 45 | M13: 38 | N13: 51 | O13: 76 | P13: 40.9 | Q13: 0 | R13: 20.999 | S13: 23 | T13: 13.266 | U13: =SUM(P13:T13) -> 98.165 | V13: 2 | W13: 17 | X13: Время | Y13: Мельница | Z13: + | AA13: - | AC13: №3 | AE13: 11 | AF13: =AE13*11/60 -> 2.0166667
A14: 18 | P14: 39.6 | Q14: 0 | R14: 42.074 | S14: 22 | T14: 13.148 | U14: =SUM(P14:T14) -> 116.822 | V14: 1 | W14: 18 | X14: 0.41666667 | Y14: Исходная руда №1 | Z14: 0.6 | AA14: =100-Z14 -> 99.4 | AC14: №4 | AD14: 33 | AE14: 12 | AF14: =AE14*11/60 -> 2.2
A15: 19 | P15: 40.9 | Q15: 0 | R15: 43.52 | S15: 32 | T15: 12.691 | U15: =SUM(P15:T15) -> 129.111 | V15: 1 | W15: 19 | Y15: Исходная руда №3 | AA15: =100-Z15 -> 100 | AC15: №5 | AD15: 10 | AE15: 13 | AF15: =AE15*11/60 -> 2.3833333
A16: 20 | P16: 41.2 | Q16: 0 | R16: 42.858 | S16: 32 | T16: 13.413 | U16: =SUM(P16:T16) -> 129.471 | V16: 2 | W16: 20 | Y16: Исходная руда №4 | Z16: 0.4 | AA16: =100-Z16 -> 99.6 | AE16: 14 | AF16: =AE16*11/60 -> 2.5666667
A17: среднее | B17: =AVERAGE(B5:B15) -> 64 | C17: =AVERAGE(C5:C16) -> 60.5 | D17: =AVERAGE(D5:D15) -> #DIV/0! | E17: =AVERAGE(E5:E15) -> 59 | F17: =AVERAGE(F5:F15) -> 61.5 | G17: =AVERAGE(G5:G16) -> 45 | H17: =AVERAGE(H5:H16) -> 30.5 | I17: =AVERAGE(I5:I15) -> 14.5 | J17: =AVERAGE(J5:J15) -> 0 | K17: =AVERAGE(K5:K15) -> 49.5 | L17: =AVERAGE(L5:L15) -> #DIV/0! | M17: =AVERAGE(M5:M15) -> 42.5 | N17: =AVERAGE(N5:N15) -> 53 | O17: =AVERAGE(O5:O16) -> 74 | P17: =SUM(P5:P16) -> 490.8 | Q17: =SUM(Q5:Q16) -> 0 | R17: =SUM(R5:R16) -> 149.451 | S17: =SUM(S5:S16) -> 375 | T17: =SUM(T5:T16) -> 156.812 | U17: =SUM(P17:T17) -> 1172.063 | V17: =SUM(V5:V16) -> 13 | Y17: Исходная руда №5 | Z17: 0.8 | AA17: =100-Z17 -> 99.2 | AB17: 0.54166667 | AC17: №1 | AD17: 41 | AE17: 15 | AF17: =AE17*11/60 -> 2.75
AA18: 99.4 | AC18: №3 | AE18: 16 | AF18: =AE18*11/60 -> 2.9333333
A19: Загрузка шаров мельниц | C19: Ø, мм | D19: тн | F19: Примечание | I19: Ситовый анализ 03.01.26 см 1 | M19: Влага руды, % | P19: 2.1 | S19: 1.8 | T19: 1.9 | U19: =(U17-U20)/U17*100 -> 1.7094839 | X19: 0.5 | AA19: - | AC19: №4 | AD19: 32 | AE19: 17 | AF19: =AE19*11/60 -> 3.1166667
A20: №1 | C20: 60 | D20: 0.15 | F20: новые | K20: % | M20: Итого СМТ по весам за смену | P20: =(P17-(P17*P19/100)) -> 480.4932 | R20: =(R17-(R17*R19/100)) -> 149.451 | S20: =(S17-(S17*S19/100)) -> 368.25 | T20: =(T17-(T17*T19/100)) -> 153.83257 | U20: =P20+Q20+R20+S20+T20 -> 1152.0268 | Y20: Исходная руда №1 | Z20: 0.8 | AA20: =100-Z20 -> 99.2 | AC20: №5 | AD20: 10 | AE20: 18 | AF20: =AE20*11/60 -> 3.3
A21: №2 | C21: 30 | D21: 0.15 | F21: новые | I21: ГЦ№1 | J21: 46 | M21: Итого СМТ замер за смену | P21: =(U17-(U17*U19/100)) -> 1152.0268 | Y21: Исходная руда №3 | AA21: =100-Z21 -> 100 | AE21: 19 | AF21: =AE21*11/60 -> 3.4833333
A22: №4 | C22: 60 | D22: 0.15 | F22: новые | I22: 100 | J22: =I22-J21 -> 54 | K22: =J22/I22*100 -> 54 | Y22: Исходная руда №4 | Z22: 0.7 | AA22: =100-Z22 -> 99.3 | AB22: 0.625 | AC22: №1 | AD22: 41 | AE22: 20 | AF22: =AE22*11/60 -> 3.6666667
A23: №5 | C23: 60 | D23: 0.15 | F23: новые | I23: ГЦ№2 | J23: 27 | M23: Итого за сутки: | Y23: Исходная руда №5 | Z23: 0.6 | AA23: =100-Z23 -> 99.4 | AC23: №3 | AE23: 21 | AF23: =AE23*11/60 -> 3.85
I24: 100 | J24: =I24-J23 -> 73 | K24: =J24/I24*100 -> 73 | M24: Итого с начала месяца: | AA24: 99.3 | AC24: №4 | AD24: 33 | AE24: 22 | AF24: =AE24*11/60 -> 4.0333333
X25: 0.625 | AA25: - | AC25: №5 | AD25: 10 | AE25: 23 | AF25: =AE25*11/60 -> 4.2166667
Y26: Исходная руда №1 | Z26: 0.4 | AA26: =100-Z26 -> 99.6 | AE26: 24 | AF26: =AE26*11/60 -> 4.4
A27: Простой мельниц | C27: с | D27: до | F27: кол-во мин | H27: Причины простоя | Y27: Исходная руда №3 | AA27: =100-Z27 -> 100 | AB27: 0.70833333 | AC27: №1 | AD27: 43 | AE27: 25 | AF27: =AE27*11/60 -> 4.5833333
H28: МШР №4 ручной замер - сбой эл счетчика. | Y28: Исходная руда №4 | Z28: 0.6 | AA28: =100-Z28 -> 99.4 | AC28: №3 | AD28: 39 | AE28: 26 | AF28: =AE28*11/60 -> 4.7666667
A29: №3 | C29: 0.33333333 | D29: 0.68402778 | F29: 8 часов 25 мин | H29: МШР стоит - ППР. | Y29: Исходная руда №5 | Z29: 0.9 | AA29: =100-Z29 -> 99.1 | AC29: №4 | AD29: 33 | AE29: 27 | AF29: =AE29*11/60 -> 4.95
A30: №4 | C30: 0.69513889 | D30: 0.71736111 | F30: 32 мин | H30: Остановили МШР №4 по мех части - подтяжка анкерных болтов | AA30: 99.37 | AC30: №5 | AD30: 11 | AE30: 28 | AF30: =AE30*11/60 -> 5.1333333
X31: 0.70833333 | AA31: - | AE31: 29 | AF31: =AE31*11/60 -> 5.3166667
Y32: Исходная руда №1 | Z32: 0.2 | AA32: =100-Z32 -> 99.8 | AB32: 0.79166667 | AC32: №1 | AD32: 41 | AE32: 30 | AF32: =AE32*11/60 -> 5.5
Y33: Исходная руда №3 | Z33: 0.6 | AA33: =100-Z33 -> 99.4 | AC33: №3 | AD33: 42 | AE33: 31 | AF33: =AE33*11/60 -> 5.6833333
Y34: Исходная руда №4 | Z34: 0.3 | AA34: =100-Z34 -> 99.7 | AC34: №4 | AD34: 32 | AE34: 32 | AF34: =AE34*11/60 -> 5.8666667
Y35: Исходная руда №5 | Z35: 0.7 | AA35: =100-Z35 -> 99.3 | AC35: №5 | AD35: 11 | AE35: 33 | AF35: =AE35*11/60 -> 6.05
AA36: =(AA32+AA33+AA34+AA35)/4 -> 99.55 | AE36: 34 | AF36: =AE36*11/60 -> 6.2333333
AE37: 35 | AF37: =AE37*11/60 -> 6.4166667
AE38: 36 | AF38: =AE38*11/60 -> 6.6
AE39: 37 | AF39: =AE39*11/60 -> 6.7833333
A40: Остаток МКР на начало смены | D40: 68 | AE40: 38 | AF40: =AE40*11/60 -> 6.9666667
A41: Выпуск МКР за смену | D41: =V17 -> 13 | H41: Время | J41: 0.375 | K41: 0.45833333 | M41: 0.54166667 | N41: 15:00 | O41: 17:00 | P41: 19:00 | Q41: ср.значение | AE41: 39 | AF41: =AE41*11/60 -> 7.15
A42: Отгружено МКР за смену | D42: 72 | H42: рН слива ГЦ-1 | J42: 9.46 | K42: 9.69 | M42: 9.63 | N42: 10.1 | O42: 10.7 | P42: 9.88 | Q42: =AVERAGE(J42:P43) -> 9.91 | AE42: 40 | AF42: =AE42*11/60 -> 7.3333333
A43: Количество автомашин | D43: 4 | R43: Старший контролер ОТК: Хамзина Л. | AE43: 41 | AF43: =AE43*11/60 -> 7.5166667
A44: Остаток МКР на конец смены | D44: =D40+D41-D42 -> 9 | R44: Контролер ОТК: Навроцкая Т. | AE44: 42 | AF44: =AE44*11/60 -> 7.7
AE45: 45 | AF45: =AE45*11/60 -> 8.25
AE46: 46 | AF46: =AE46*11/60 -> 8.4333333
AE47: 47 | AF47: =AE47*11/60 -> 8.6166667
AE48: 48 | AF48: =AE48*11/60 -> 8.8
AE49: 49 | AF49: =AE49*11/60 -> 8.9833333
AE50: 50 | AF50: =AE50*11/60 -> 9.1666667
AE51: 51 | AF51: =AE51*11/60 -> 9.35
AE52: 52 | AF52: =AE52*11/60 -> 9.5333333
AE53: 53 | AF53: =AE53*11/60 -> 9.7166667
AE54: 54 | AF54: =AE54*11/60 -> 9.9
AE55: 55 | AF55: =AE55*11/60 -> 10.083333
AE56: 56 | AF56: =AE56*11/60 -> 10.266667
... AE60: 60 | AF60: =AE60*11/60 -> 11

Sheet 04.01.26см1
A1: Дата | B1: 04.01.2026 | F1: Смена | G1: 1 | AE1: Мельница №5
B2: Плотность, % | N2: Ситовой анализ, % -74мкм | P2: Производительность мельниц, тн/ч | U2: все мельницы | V2: Выпуск МКР | W2: Время | X2: на начало смены | Y2: на конец смены | Z2: переработка по счетчику | AA2: № | AB2: Переработка Ручной замер | AE2: мин | AF2: тонн
A3: Время | B3: Слив мельниц | G3: Слив гидроциклона | I3: Сгуститель | K3: Классификатор | N3: Гидроциклон | AA3: МШР | AE3: 1 | AF3: =AE3*40/60 -> 0.66666667
B4: 1 | C4: 2 | D4: 3 | E4: 4 | F4: 5 | G4: 1ст | H4: 2ст | I4: 1 | J4: 2 | K4: 1 | L4: 3 | M4: 5 | N4: 1ст | O4: 2ст | P4: 1 | Q4: 2 | R4: 3 | S4: 4 | T4: 5 | AB4: Время | AC4: Мельница | AD4: Ручной | AE4: 2 | AF4: =AE4*40/60 -> 1.3333333
A5: 21 | P5: 40.7 | Q5: 0 | R5: 40.107 | S5: 33 | T5: 13.009 | U5: =SUM(P5:T5) -> 126.816 | W5: 21 | X5: ='03.01.26см2'!Y5 -> 513065.5 | Y5: =X5+P17 -> 513560.9 | Z5: =Y5-X5 -> 495.4 | AA5: 1 | AE5: 3 | AF5: =AE5*40/60 -> 2
A6: 22 | P6: 40.9 | Q6: 0 | R6: 36.045 | S6: 32 | T6: 13.245 | U6: =SUM(P6:T6) -> 122.19 | V6: 1 | W6: 22 | X6: ='03.01.26см2'!Y6 -> 810199.56 | Y6: =X6+R17 -> 810665.05 | Z6: =Y6-X6 -> 465.485 | AA6: 3 | AE6: 4 | AF6: =AE6*40/60 -> 2.6666667
A7: 23 | P7: 39.9 | Q7: 0 | R7: 40.134 | S7: 32 | T7: 12.913 | U7: =SUM(P7:T7) -> 124.947 | W7: 23 | X7: ='03.01.26см2'!Y7 -> 504121 | Y7: =X7+S17 -> 504517 | Z7: =Y7-X7 -> 396 | AA7: 4 | AB7: 0.875 | AC7: №1 | AD7: 41 | AE7: 5 | AF7: =AE7*40/60 -> 3.3333333
A8: 24 | B8: 69 | C8: 65 | D8: 73 | E8: 64 | F8: 59 | G8: 48 | H8: 40 | K8: 56 | L8: 58 | M8: 44 | N8: 50 | O8: 64 | P8: 40.8 | Q8: 0 | R8: 38.588 | S8: 33 | T8: 12.994 | U8: =SUM(P8:T8) -> 125.382 | V8: 3 | W8: 24 | X8: ='03.01.26см2'!Y8 -> 824.758 | Y8: =X8+T17 -> 978 | Z8: =T17 -> 153.242 | AA8: 5 | AC8: №3 | AD8: 40 | AE8: 6 | AF8: =AE8*40/60 -> 4
A9: 1 | P9: 41.8 | Q9: 0 | R9: 43.525 | S9: 34 | T9: 12.837 | U9: =SUM(P9:T9) -> 132.162 | V9: 3 | W9: 1 | X9: Итого производ - ность за смену | Z9: =SUM(Z5:Z8) -> 1510.127 | AC9: №4 | AD9: 33 | AE9: 7 | AF9: =AE9*40/60 -> 4.6666667
A10: 2 | P10: 40.6 | Q10: 0 | R10: 42.045 | S10: 33 | T10: 12.796 | U10: =SUM(P10:T10) -> 128.441 | V10: 2 | W10: 2 | AC10: №5 | AD10: 12 | AE10: 8 | AF10: =AE10*40/60 -> 5.3333333
A11: 3 | P11: 40.8 | Q11: 0 | R11: 41.041 | S11: 33 | T11: 12.8 | U11: =SUM(P11:T11) -> 127.641 | W11: 3 | X11: Руда с конвейера Сито 12 мм | AE11: 9 | AF11: =AE11*40/60 -> 6
A12: 4 | P12: 40.7 | Q12: 0 | R12: 43.139 | S12: 34 | T12: 12.363 | U12: =SUM(P12:T12) -> 130.202 | V12: 3 | W12: 4 | AB12: 0.95833333 | AC12: №1 | AD12: 40 | AE12: 10 | AF12: =AE12*40/60 -> 6.6666667
A13: 5 | B13: 68 | C13: 65 | D13: 74 | E13: 62 | F13: 57 | G13: 45 | H13: 40 | K13: 55 | L13: 58 | M13: 49 | N13: 47 | O13: 65 | P13: 42 | Q13: 0 | R13: 42.364 | S13: 34 | T13: 12.224 | U13: =SUM(P13:T13) -> 130.588 | V13: 1 | W13: 5 | X13: Время | Y13: Мельница | Z13: + | AA13: - | AC13: №3 | AD13: 41 | AE13: 11 | AF13: =AE13*40/60 -> 7.3333333
A14: 6 | P14: 42.5 | Q14: 0 | R14: 43.082 | S14: 33 | T14: 12.566 | U14: =SUM(P14:T14) -> 131.148 | V14: 2 | W14: 6 | X14: 0.91666667 | Y14: Исходная руда №1 | Z14: 0.7 | AA14: =100-Z14 -> 99.3 | AC14: №4 | AD14: 32 | AE14: 12 | AF14: =AE14*40/60 -> 8
A15: 7 | P15: 43.3 | Q15: 0 | R15: 42.611 | S15: 34 | T15: 12.846 | U15: =SUM(P15:T15) -> 132.757 | V15: 2 | W15: 7 | Y15: Исходная руда №3 | Z15: 0.9 | AA15: =100-Z15 -> 99.1 | AC15: №5 | AD15: 11 | AE15: 13 | AF15: =AE15*40/60 -> 8.6666667
A16: 8 | P16: 41.4 | Q16: 0 | R16: 12.804 | S16: 31 | T16: 12.649 | U16: =SUM(P16:T16) -> 97.853 | V16: 1 | W16: 8 | Y16: Исходная руда №4 | Z16: 0.4 | AA16: =100-Z16 -> 99.6 | AE16: 14 | AF16: =AE16*40/60 -> 9.3333333
A17: среднее | B17: =AVERAGE(B5:B15) -> 68.5 | C17: =AVERAGE(C5:C16) -> 65 | D17: =AVERAGE(D5:D15) -> 73.5 | E17: =AVERAGE(E5:E15) -> 63 | F17: =AVERAGE(F5:F15) -> 58 | G17: =AVERAGE(G5:G16) -> 46.5 | H17: =AVERAGE(H5:H16) -> 40 | I17: =AVERAGE(I5:I15) -> #DIV/0! | J17: =AVERAGE(J5:J15) -> #DIV/0! | K17: =AVERAGE(K5:K15) -> 55.5 | L17: =AVERAGE(L5:L15) -> 58 | M17: =AVERAGE(M5:M15) -> 46.5 | N17: =AVERAGE(N5:N15) -> 48.5 | O17: =AVERAGE(O5:O16) -> 64.5 | P17: =SUM(P5:P16) -> 495.4 | Q17: =SUM(Q5:Q16) -> 0 | R17: =SUM(R5:R16) -> 465.485 | S17: =SUM(S5:S16) -> 396 | T17: =SUM(T5:T16) -> 153.242 | U17: =SUM(P17:T17) -> 1510.127 | V17: =SUM(V5:V16) -> 18 | Y17: Исходная руда №5 | Z17: 0.8 | AA17: =100-Z17 -> 99.2 | AB17: 0.041666667 | AC17: №1 | AD17: 41 | AE17: 15 | AF17: =AE17*40/60 -> 10
AA18: =(AA14+AA15+AA16+AA17)/4 -> 99.3 | AC18: №3 | AD18: 42 | AE18: 16 | AF18: =AE18*40/60 -> 10.666667
A19: Загрузка шаров мельниц | C19: Ø, мм | D19: тн | F19: Примечание | I19: Ситовый анализ 03.01.26 см 2 | M19: Влага руды, % | P19: 2.3 | R19: 2.4 | S19: 1.8 | T19: 2.5 | U19: =(U17-U20)/U17*100 -> 2.2200047 | X19: 0.041666667 | AA19: - | AC19: №4 | AD19: 34 | AE19: 17 | AF19: =AE19*40/60 -> 11.333333
A20: №1 | C20: 60 | D20: 0.15 | F20: новые | K20: % | M20: Итого СМТ по весам за смену | P20: =(P17-(P17*P19/100)) -> 484.0058 | R20: =(R17-(R17*R19/100)) -> 454.31336 | S20: =(S17-(S17*S19/100)) -> 388.872 | T20: =(T17-(T17*T19/100)) -> 149.41095 | U20: =P20+Q20+R20+S20+T20 -> 1476.6021 | Y20: Исходная руда №1 | Z20: 0.4 | AA20: =100-Z20 -> 99.6 | AC20: №5 | AD20: 11 | AE20: 18 | AF20: =AE20*40/60 -> 12
A21: №2 | C21: 30 | D21: 0.15 | F21: новые | I21: ГЦ№1 | J21: 48 | M21: Итого СМТ замер за смену | P21: =(U17-(U17*U19/100)) -> 1476.6021 | Y21: Исходная руда №3 | Z21: 0.7 | AA21: =100-Z21 -> 99.3 | AE21: 19 | AF21: =AE21*40/60 -> 12.666667
A22: №3 | C22: 60 | D22: 0.15 | F22: новые | I22: 100 | J22: =I22-J21 -> 52 | K22: =J22/I22*100 -> 52 | Y22: Исходная руда №4 | Z22: 0.5 | AA22: =100-Z22 -> 99.5 | AB22: 0.125 | AC22: №1 | AD22: 41 | AE22: 20 | AF22: =AE22*40/60 -> 13.333333
A23: №4 | C23: 60 | D23: 0.1 | F23: новые | I23: ГЦ№2 | J23: 25 | M23: Итого за сутки: | Y23: Исходная руда №5 | Z23: 0.3 | AA23: =100-Z23 -> 99.7 | AC23: №3 | AD23: 42 | AE23: 21 | AF23: =AE23*40/60 -> 14
A24: №5 | C24: 60 | D24: 0.1 | F24: новые | I24: 100 | J24: =I24-J23 -> 75 | K24: =J24/I24*100 -> 75 | M24: Итого с начала месяца: | AA24: =(AA20+AA21+AA22+AA23)/4 -> 99.525 | AC24: №4 | AD24: 33 | AE24: 22 | AF24: =AE24*40/60 -> 14.666667
X25: 0.125 | AA25: - | AC25: №5 | AD25: 11 | AE25: 23 | AF25: =AE25*40/60 -> 15.333333
Y26: Исходная руда №1 | Z26: 0.6 | AA26: =100-Z26 -> 99.4 | AE26: 24 | AF26: =AE26*40/60 -> 16
A27: Простой мельниц | C27: с | D27: до | F27: кол-во мин | H27: Причины простоя | Y27: Исходная руда №3 | Z27: 0.4 | AA27: =100-Z27 -> 99.6 | AB27: 0.20833333 | AC27: №1 | AD27: 41 | AE27: 25 | AF27: =AE27*40/60 -> 16.666667
H28: МШР №4 ручной замер - сбой эл счетчика. | Y28: Исходная руда №4 | Z28: 0.7 | AA28: =100-Z28 -> 99.3 | AC28: №3 | AD28: 41 | AE28: 26 | AF28: =AE28*40/60 -> 17.333333
H29: В 21:10 - 21:20 остановка питание на ленте №17 МШР №3 - забился песковый насадка 10мин | Y29: Исходная руда №5 | Z29: 0.5 | AA29: =100-Z29 -> 99.5 | AC29: №4 | AD29: 34 | AE29: 27 | AF29: =AE29*40/60 -> 18
A30: №3 | C30: 0.29861111 | D30: 0.33333333 | F30: 50 мин | H30: Самопроизвольная остановка мельницы | AA30: =(AA26+AA27+AA28+AA29)/4 -> 99.45 | AC30: №5 | AD30: 11 | AE30: 28 | AF30: =AE30*40/60 -> 18.666667
X31: 0.20833333 | AA31: - | AE31: 29 | AF31: =AE31*40/60 -> 19.333333
Y32: Исходная руда №1 | Z32: 0.4 | AA32: =100-Z32 -> 99.6 | AB32: 0.29166667 | AC32: №1 | AD32: 42 | AE32: 30 | AF32: =AE32*40/60 -> 20
Y33: Исходная руда №3 | Z33: 0.2 | AA33: =100-Z33 -> 99.8 | AC33: №3 | AD33: 41 | AE33: 31 | AF33: =AE33*40/60 -> 20.666667
Y34: Исходная руда №4 | Z34: 0.6 | AA34: =100-Z34 -> 99.4 | AC34: №4 | AD34: 34 | AE34: 32 | AF34: =AE34*40/60 -> 21.333333
Y35: Исходная руда №5 | Z35: 0.2 | AA35: =100-Z35 -> 99.8 | AC35: №5 | AD35: 12 | AE35: 33 | AF35: =AE35*40/60 -> 22
AA36: =(AA32+AA33+AA34+AA35)/4 -> 99.65 | AE36: 34 | AF36: =AE36*40/60 -> 22.666667
AE37: 35 | AF37: =AE37*40/60 -> 23.333333
AE38: 36 | AF38: =AE38*40/60 -> 24
AE39: 37 | AF39: =AE39*40/60 -> 24.666667
A40: Остаток МКР на начало смены | D40: 9 | AE40: 38 | AF40: =AE40*40/60 -> 25.333333
A41: Выпуск МКР за смену | D41: =V17 -> 18 | H41: Время | J41: 0.875 | K41: 0.95833333 | M41: 0.041666667 | N41: 03:00 | O41: 05:00 | P41: 07:00 | Q41: ср.значение | AE41: 39 | AF41: =AE41*40/60 -> 26
A42: Отгружено МКР за смену | H42: рН слива ГЦ-1 | J42: 9.59 | K42: 9.63 | M42: 10 | N42: 10.31 | O42: 9.5 | P42: 9.62 | Q42: =AVERAGE(J42:P43) -> 9.775 | AE42: 40 | AF42: =AE42*40/60 -> 26.666667
A43: Количество автомашин | R43: Старший контролер ОТК: Тусупбаева А. | AE43: 41 | AF43: =AE43*40/60 -> 27.333333
A44: Остаток МКР на конец смены | D44: =D40+D41-D42 -> 27 | R44: Контролер ОТК: Макулбеков Б. | AE44: 42 | AF44: =AE44*40/60 -> 28
AE45: 45 | AF45: =AE45*40/60 -> 30
AE46: 46 | AF46: =AE46*40/60 -> 30.666667
AE47: 47 | AF47: =AE47*40/60 -> 31.333333
AE48: 48 | AF48: =AE48*40/60 -> 32
AE49: 49 | AF49: =AE49*40/60 -> 32.666667
AE50: 50 | AF50: =AE50*40/60 -> 33.333333
AE51: 51 | AF51: =AE51*40/60 -> 34
AE52: 52 | AF52: =AE52*40/60 -> 34.666667
AE53: 53 | AF53: =AE53*40/60 -> 35.333333
AE54: 54 | AF54: =AE54*40/60 -> 36
AE55: 55 | AF55: =AE55*40/60 -> 36.666667
AE56: 56 | AF56: =AE56*40/60 -> 37.333333
... AE60: 60 | AF60: =AE60*40/60 -> 40

Sheet 04.01.26см2
A1: Дата | B1: 04.01.2026 | F1: Смена | G1: 2 | AE1: Мельница №5
B2: Плотность, % | N2: Ситовой анализ, % -74мкм | P2: Производительность мельниц, тн/ч | U2: все мельницы | V2: Выпуск МКР | W2: Время | X2: на начало смены | Y2: на конец смены | Z2: переработка по счетчику | AA2: № | AB2: Переработка Ручной замер | AE2: мин | AF2: тонн
A3: Время | B3: Слив мельниц | G3: Слив гидроциклона | I3: Сгуститель | K3: Классификатор | N3: Гидроциклон | AA3: МШР | AE3: 1 | AF3: =AE3*11/60 -> 0.18333333
B4: 1 | C4: 2 | D4: 3 | E4: 4 | F4: 5 | G4: 1ст | H4: 2ст | I4: 1 | J4: 2 | K4: 1 | L4: 3 | M4: 5 | N4: 1ст | O4: 2ст | P4: 1 | Q4: 2 | R4: 3 | S4: 4 | T4: 5 | AB4: Время | AC4: Мельница | AD4: Ручной | AE4: 2 | AF4: =AE4*11/60 -> 0.36666667
A5: 9 | P5: 39.3 | Q5: 0 | R5: 0 | S5: 17 | T5: 12.013 | U5: =SUM(P5:T5) -> 68.313 | W5: 9 | X5: 513560.9 | Y5: =X5+P17 -> 513924.2 | Z5: =Y5-X5 -> 363.3 | AA5: 1 | AE5: 3 | AF5: =AE5*11/60 -> 0.55
A6: 10 | P6: 39.9 | Q6: 0 | R6: 0 | S6: 0 | T6: 12.357 | U6: =SUM(P6:T6) -> 52.257 | V6: 2 | W6: 10 | X6: 810665.05 | Y6: =X6+R17 -> 811041.54 | Z6: =Y6-X6 -> 376.492 | AA6: 3 | AE6: 4 | AF6: =AE6*11/60 -> 0.73333333
A7: 11 | B7: 65 | C7: 50 | F7: 58 | G7: 39 | H7: 33 | I7: 0 | K7: 49 | M7: 51 | N7: 58 | O7: 70 | P7: 39.5 | Q7: 0 | R7: 0 | S7: 0 | T7: 12.56 | U7: =SUM(P7:T7) -> 52.06 | V7: 1 | W7: 11 | X7: 504517 | Y7: =X7+S17 -> 504781 | Z7: =Y7-X7 -> 264 | AA7: 4 | AB7: 0.375 | AC7: №1 | AD7: 41 | AE7: 5 | AF7: =AE7*11/60 -> 0.91666667
A8: 12 | P8: 37.8 | Q8: 0 | R8: 31.282 | S8: 0 | T8: 12.62 | U8: =SUM(P8:T8) -> 81.702 | V8: 1 | W8: 12 | X8: 978 | Y8: =X8+T17 -> 1131.94 | Z8: =T17 -> 153.94 | AA8: 5 | AC8: №3 | AE8: 6 | AF8: =AE8*11/60 -> 1.1
A9: 13 | D9: 72 | L9: 53 | P9: 41 | Q9: 0 | R9: 43.618 | S9: 17 | T9: 12.37 | U9: =SUM(P9:T9) -> 113.988 | V9: 1 | W9: 13 | X9: Итого производ - ность за смену | Z9: =SUM(Z5:Z8) -> 1157.732 | AC9: №4 | AD9: 32 | AE9: 7 | AF9: =AE9*11/60 -> 1.2833333
A10: 14 | E10: 53 | P10: 41 | Q10: 0 | R10: 44.39 | S10: 32 | T10: 12.99 | U10: =SUM(P10:T10) -> 130.38 | W10: 14 | AC10: №5 | AD10: 11 | AE10: 8 | AF10: =AE10*11/60 -> 1.4666667
A11: 15 | P11: 1.8 | Q11: 0 | R11: 43.922 | S11: 33 | T11: 12.91 | U11: =SUM(P11:T11) -> 91.632 | V11: 1 | W11: 15 | X11: Руда с конвейера Сито 12 мм | AE11: 9 | AF11: =AE11*11/60 -> 1.65
A12: 16 | P12: 0 | Q12: 0 | R12: 42.507 | S12: 33 | T12: 13.08 | U12: =SUM(P12:T12) -> 88.587 | V12: 2 | W12: 16 | AB12: 0.45833333 | AC12: №1 | AD12: 41 | AE12: 10 | AF12: =AE12*11/60 -> 1.8333333
A13: 17 | C13: 57 | D13: 69 | E13: 57 | F13: 59 | G13: 40 | H13: 31 | I13: 15 | L13: 50 | M13: 47 | N13: 48 | O13: 72 | P13: 0 | Q13: 0 | R13: 41.524 | S13: 33 | T13: 12.93 | U13: =SUM(P13:T13) -> 87.454 | V13: 1 | W13: 17 | X13: Время | Y13: Мельница | Z13: + | AA13: - | AC13: №3 | AE13: 11 | AF13: =AE13*11/60 -> 2.0166667
A14: 18 | P14: 41 | Q14: 0 | R14: 43.925 | S14: 32 | T14: 13.47 | U14: =SUM(P14:T14) -> 130.395 | V14: 2 | W14: 18 | X14: 0.41666667 | Y14: Исходная руда №1 | Z14: 1.8 | AA14: =100-Z14 -> 98.2 | AC14: №4 | AE14: 12 | AF14: =AE14*11/60 -> 2.2
A15: 19 | B15: 68 | K15: 50 | P15: 41 | Q15: 0 | R15: 43.335 | S15: 34 | T15: 13.38 | U15: =SUM(P15:T15) -> 131.715 | V15: 2 | W15: 19 | Y15: Исходная руда №3 | AA15: =100-Z15 -> 100 | AC15: №5 | AD15: 11 | AE15: 13 | AF15: =AE15*11/60 -> 2.3833333
A16: 20 | P16: 41 | Q16: 0 | R16: 41.989 | S16: 33 | T16: 13.26 | U16: =SUM(P16:T16) -> 129.249 | V16: 4 | W16: 20 | Y16: Исходная руда №4 | AA16: =100-Z16 -> 100 | AE16: 14 | AF16: =AE16*11/60 -> 2.5666667
A17: среднее | B17: =AVERAGE(B5:B15) -> 66.5 | C17: =AVERAGE(C5:C16) -> 53.5 | D17: =AVERAGE(D5:D15) -> 70.5 | E17: =AVERAGE(E5:E15) -> 55 | F17: =AVERAGE(F5:F15) -> 58.5 | G17: =AVERAGE(G5:G16) -> 39.5 | H17: =AVERAGE(H5:H16) -> 32 | I17: =AVERAGE(I5:I15) -> 7.5 | J17: =AVERAGE(J5:J15) -> #DIV/0! | K17: =AVERAGE(K5:K15) -> 49.5 | L17: =AVERAGE(L5:L15) -> 51.5 | M17: =AVERAGE(M5:M15) -> 49 | N17: =AVERAGE(N5:N15) -> 53 | O17: =AVERAGE(O5:O16) -> 71 | P17: =SUM(P5:P16) -> 363.3 | Q17: =SUM(Q5:Q16) -> 0 | R17: =SUM(R5:R16) -> 376.492 | S17: =SUM(S5:S16) -> 264 | T17: =SUM(T5:T16) -> 153.94 | U17: =SUM(P17:T17) -> 1157.732 | V17: =SUM(V5:V16) -> 17 | Y17: Исходная руда №5 | Z17: 0.3 | AA17: =100-Z17 -> 99.7 | AB17: 0.54166667 | AC17: №1 | AD17: 43 | AE17: 15 | AF17: =AE17*11/60 -> 2.75
AA18: 98.95 | AC18: №3 | AD18: 43 | AE18: 16 | AF18: =AE18*11/60 -> 2.9333333
A19: Загрузка шаров мельниц | C19: Ø, мм | D19: тн | F19: Примечание | I19: Ситовый анализ 04.01.26 см 1 | M19: Влага руды, % | P19: 2.5 | R19: 2.2 | S19: 2.6 | T19: 2.8 | U19: =(U17-U20)/U17*100 -> 2.4651339 | X19: 0.5 | AA19: - | AC19: №4 | AD19: 31 | AE19: 17 | AF19: =AE19*11/60 -> 3.1166667
A20: №2 | C20: 30 | D20: 0.2 | F20: новые | K20: % | M20: Итого СМТ по весам за смену | P20: =(P17-(P17*P19/100)) -> 354.2175 | R20: =(R17-(R17*R19/100)) -> 368.20918 | S20: =(S17-(S17*S19/100)) -> 257.136 | T20: =(T17-(T17*T19/100)) -> 149.62968 | U20: =P20+Q20+R20+S20+T20 -> 1129.1924 | Y20: Исходная руда №1 | Z20: 0.9 | AA20: =100-Z20 -> 99.1 | AC20: №5 | AD20: 10 | AE20: 18 | AF20: =AE20*11/60 -> 3.3
A21: №3 | C21: 60 | D21: 0.2 | F21: новые | I21: ГЦ№1 | J21: 51 | M21: Итого СМТ замер за смену | P21: =(U17-(U17*U19/100)) -> 1129.1924 | Y21: Исходная руда №3 | Z21: 1.3 | AA21: =100-Z21 -> 98.7 | AE21: 19 | AF21: =AE21*11/60 -> 3.4833333
A22: №4 | C22: 60 | D22: 0.2 | F22: новые | I22: 100 | J22: =I22-J21 -> 49 | K22: =J22/I22*100 -> 49 | Y22: Исходная руда №4 | AA22: =100-Z22 -> 100 | AB22: 0.625 | AC22: №1 | AE22: 20 | AF22: =AE22*11/60 -> 3.6666667
A23: №5 | C23: 60 | D23: 0.2 | F23: новые | I23: ГЦ№2 | J23: 35 | M23: Итого за сутки: | Y23: Исходная руда №5 | Z23: 0.7 | AA23: =100-Z23 -> 99.3 | AC23: №3 | AD23: 42 | AE23: 21 | AF23: =AE23*11/60 -> 3.85
I24: 100 | J24: =I24-J23 -> 65 | K24: =J24/I24*100 -> 65 | M24: Итого с начала месяца: | AA24: 99.03 | AC24: №4 | AD24: 33 | AE24: 22 | AF24: =AE24*11/60 -> 4.0333333
X25: 0.625 | AA25: - | AC25: №5 | AD25: 11 | AE25: 23 | AF25: =AE25*11/60 -> 4.2166667
Y26: Исходная руда №1 | AA26: =100-Z26 -> 100 | AE26: 24 | AF26: =AE26*11/60 -> 4.4
A27: Простой мельниц | C27: с | D27: до | F27: кол-во мин | H27: Причины простоя | Y27: Исходная руда №3 | Z27: 2.3 | AA27: =100-Z27 -> 97.7 | AB27: 0.70833333 | AC27: №1 | AE27: 25 | AF27: =AE27*11/60 -> 4.5833333
H28: МШР №4 ручной замер - сбой эл счетчика. | Y28: Исходная руда №4 | Z28: 1.1 | AA28: =100-Z28 -> 98.9 | AC28: №3 | AD28: 42 | AE28: 26 | AF28: =AE28*11/60 -> 4.7666667
A29: №3 | C29: 0.33333333 | D29: 0.46319444 | F29: 3 часа 07 мин | H29: МШР стоит по эл части - замена камеры, замена сцепления барабана. | Y29: Исходная руда №5 | Z29: 0.5 | AA29: =100-Z29 -> 99.5 | AC29: №4 | AD29: 33 | AE29: 27 | AF29: =AE29*11/60 -> 4.95
A30: №4 | C30: 0.35625 | D30: 0.51875 | F30: 3 часа 54 мин | H30: Самопроизвольная остановка МШР по эл части - замена камеры, замена сцепления барабана. | AA30: 98.7 | AC30: №5 | AD30: 11 | AE30: 28 | AF30: =AE30*11/60 -> 5.1333333
A31: №1 | C31: 0.59513889 | D31: 0.70833333 | F31: 2 часа 43 мин | H31: Остановили МШР - ППР. Питание остановили в 14:02 - 17:03. В 16:00 закончили по мех части. | X31: 0.70833333 | AA31: - | AE31: 29 | AF31: =AE31*11/60 -> 5.3166667
H32: С 18:00 МШР №1 ручной замер - сбой эл счетчика. | Y32: Исходная руда №1 | AA32: =100-Z32 -> 100 | AB32: 0.79166667 | AC32: №1 | AD32: 41 | AE32: 30 | AF32: =AE32*11/60 -> 5.5
Y33: Исходная руда №3 | Z33: 1.2 | AA33: =100-Z33 -> 98.8 | AC33: №3 | AD33: 42 | AE33: 31 | AF33: =AE33*11/60 -> 5.6833333
Y34: Исходная руда №4 | Z34: 2 | AA34: =100-Z34 -> 98 | AC34: №4 | AD34: 34 | AE34: 32 | AF34: =AE34*11/60 -> 5.8666667
Y35: Исходная руда №5 | Z35: 2 | AA35: =100-Z35 -> 98 | AC35: №5 | AD35: 11 | AE35: 33 | AF35: =AE35*11/60 -> 6.05
AA36: 98.27 | AE36: 34 | AF36: =AE36*11/60 -> 6.2333333
AE37: 35 | AF37: =AE37*11/60 -> 6.4166667
AE38: 36 | AF38: =AE38*11/60 -> 6.6
AE39: 37 | AF39: =AE39*11/60 -> 6.7833333
A40: Остаток МКР на начало смены | D40: 27 | AE40: 38 | AF40: =AE40*11/60 -> 6.9666667
A41: Выпуск МКР за смену | D41: =V17 -> 17 | H41: Время | J41: 0.375 | K41: 0.45833333 | M41: 0.54166667 | N41: 15:00 | O41: 17:00 | P41: 19:00 | Q41: ср.значение | AE41: 39 | AF41: =AE41*11/60 -> 7.15
A42: Отгружено МКР за смену | D42: 32 | H42: рН слива ГЦ-1 | J42: 9.15 | K42: 9.07 | M42: 9.81 | N42: 9.55 | O42: 9.68 | P42: 9.77 | Q42: =AVERAGE(J42:P43) -> 9.505 | AE42: 40 | AF42: =AE42*11/60 -> 7.3333333
A43: Количество автомашин | D43: 2 | R43: Старший контролер ОТК: Хамзина Л. | AE43: 41 | AF43: =AE43*11/60 -> 7.5166667
A44: Остаток МКР на конец смены | D44: =D40+D41-D42 -> 12 | R44: Контролер ОТК: Навроцкая Т. | AE44: 42 | AF44: =AE44*11/60 -> 7.7
AE45: 45 | AF45: =AE45*11/60 -> 8.25
AE46: 46 | AF46: =AE46*11/60 -> 8.4333333
AE47: 47 | AF47: =AE47*11/60 -> 8.6166667
AE48: 48 | AF48: =AE48*11/60 -> 8.8
AE49: 49 | AF49: =AE49*11/60 -> 8.9833333
AE50: 50 | AF50: =AE50*11/60 -> 9.1666667
AE51: 51 | AF51: =AE51*11/60 -> 9.35
AE52: 52 | AF52: =AE52*11/60 -> 9.5333333
AE53: 53 | AF53: =AE53*11/60 -> 9.7166667
AE54: 54 | AF54: =AE54*11/60 -> 9.9
AE55: 55 | AF55: =AE55*11/60 -> 10.083333
AE56: 56 | AF56: =AE56*11/60 -> 10.266667
... AE60: 60 | AF60: =AE60*11/60 -> 11

Sheet 05.01.26см1
A1: Дата | B1: 05.01.2026 | F1: Смена | G1: 1 | AE1: Мельница №5
B2: Плотность, % | N2: Ситовой анализ, % -74мкм | P2: Производительность мельниц, тн/ч | U2: все мельницы | V2: Выпуск МКР | W2: Время | X2: на начало смены | Y2: на конец смены | Z2: переработка по счетчику | AA2: № | AB2: Переработка Ручной замер | AE2: мин | AF2: тонн
A3: Время | B3: Слив мельниц | G3: Слив гидроциклона | I3: Сгуститель | K3: Классификатор | N3: Гидроциклон | AA3: МШР | AE3: 1 | AF3: =AE3*40/60 -> 0.66666667
B4: 1 | C4: 2 | D4: 3 | E4: 4 | F4: 5 | G4: 1ст | H4: 2ст | I4: 1 | J4: 2 | K4: 1 | L4: 3 | M4: 5 | N4: 1ст | O4: 2ст | P4: 1 | Q4: 2 | R4: 3 | S4: 4 | T4: 5 | AB4: Время | AC4: Мельница | AD4: Ручной | AE4: 2 | AF4: =AE4*40/60 -> 1.3333333
A5: 21 | P5: 40.1 | Q5: 0 | R5: 42.285 | S5: 33 | T5: 13.48 | U5: =SUM(P5:T5) -> 128.865 | W5: 21 | X5: 513891.9 | Y5: =X5+P17 -> 514375.4 | Z5: =Y5-X5 -> 483.5 | AA5: 1 | AE5: 3 | AF5: =AE5*40/60 -> 2
A6: 22 | P6: 39.1 | Q6: 0 | R6: 39.73 | S6: 32 | T6: 12.76 | U6: =SUM(P6:T6) -> 123.59 | V6: 2 | W6: 22 | X6: ='04.01.26см2'!Y6 -> 811041.54 | Y6: =X6+R17 -> 811491.54 | Z6: =Y6-X6 -> 449.999 | AA6: 3 | AE6: 4 | AF6: =AE6*40/60 -> 2.6666667
A7: 23 | B7: 78 | C7: 67 | D7: 78 | E7: 61 | F7: 64 | G7: 48 | H7: 41 | K7: 64 | L7: 66 | M7: 54 | N7: 54 | O7: 61 | P7: 39.6 | Q7: 0 | R7: 38.907 | S7: 32 | T7: 13.43 | U7: =SUM(P7:T7) -> 123.937 | V7: 2 | W7: 23 | X7: ='04.01.26см2'!Y7 -> 504781 | Y7: =X7+S17 -> 505172 | Z7: =Y7-X7 -> 391 | AA7: 4 | AB7: 0.875 | AC7: №1 | AD7: 40 | AE7: 5 | AF7: =AE7*40/60 -> 3.3333333
A8: 24 | P8: 38.3 | Q8: 0 | R8: 31.63 | S8: 32 | T8: 13.09 | U8: =SUM(P8:T8) -> 115.02 | W8: 24 | X8: ='04.01.26см2'!Y8 -> 1131.94 | Y8: =X8+T17 -> 1288.3 | Z8: =T17 -> 156.36 | AA8: 5 | AC8: №3 | AD8: 41 | AE8: 6 | AF8: =AE8*40/60 -> 4
A9: 1 | P9: 42.5 | Q9: 0 | R9: 38.337 | S9: 34 | T9: 12.49 | U9: =SUM(P9:T9) -> 127.327 | V9: 1 | W9: 1 | X9: Итого производ - ность за смену | Z9: =SUM(Z5:Z8) -> 1480.859 | AC9: №4 | AD9: 33 | AE9: 7 | AF9: =AE9*40/60 -> 4.6666667
A10: 2 | P10: 43.4 | Q10: 0 | R10: 39.307 | S10: 33 | T10: 13.69 | U10: =SUM(P10:T10) -> 129.397 | V10: 1 | W10: 2 | AC10: №5 | AD10: 12 | AE10: 8 | AF10: =AE10*40/60 -> 5.3333333
A11: 3 | P11: 37.8 | Q11: 0 | R11: 39.163 | S11: 32 | T11: 12.53 | U11: =SUM(P11:T11) -> 121.493 | V11: 4 | W11: 3 | X11: Руда с конвейера Сито 12 мм | AE11: 9 | AF11: =AE11*40/60 -> 6
A12: 4 | P12: 41.9 | Q12: 0 | R12: 42.502 | S12: 33 | T12: 13.14 | U12: =SUM(P12:T12) -> 130.542 | V12: 4 | W12: 4 | AB12: 0.95833333 | AC12: №1 | AD12: 41 | AE12: 10 | AF12: =AE12*40/60 -> 6.6666667
A13: 5 | B13: 75 | C13: 64 | D13: 72 | E13: 57 | F13: 62 | G13: 46 | H13: 43 | K13: 64 | L13: 62 | M13: 50 | N13: 52 | O13: 64 | P13: 39.9 | Q13: 0 | R13: 37.28 | S13: 34 | T13: 12.69 | U13: =SUM(P13:T13) -> 123.87 | V13: 2 | W13: 5 | X13: Время | Y13: Мельница | Z13: + | AA13: - | AC13: №3 | AD13: 40 | AE13: 11 | AF13: =AE13*40/60 -> 7.3333333
A14: 6 | P14: 39.4 | Q14: 0 | R14: 38.372 | S14: 33 | T14: 13.04 | U14: =SUM(P14:T14) -> 123.812 | W14: 6 | X14: 0.91666667 | Y14: Исходная руда №1 | Z14: 0.4 | AA14: =100-Z14 -> 99.6 | AC14: №4 | AD14: 32 | AE14: 12 | AF14: =AE14*40/60 -> 8
A15: 7 | P15: 40.7 | Q15: 0 | R15: 20.965 | S15: 33 | T15: 13.3 | U15: =SUM(P15:T15) -> 107.965 | V15: 3 | W15: 7 | Y15: Исходная руда №3 | Z15: 0.6 | AA15: =100-Z15 -> 99.4 | AC15: №5 | AD15: 11 | AE15: 13 | AF15: =AE15*40/60 -> 8.6666667
A16: 8 | P16: 40.8 | Q16: 0 | R16: 41.521 | S16: 30 | T16: 12.72 | U16: =SUM(P16:T16) -> 125.041 | V16: 1 | W16: 8 | Y16: Исходная руда №4 | Z16: 0.9 | AA16: =100-Z16 -> 99.1 | AE16: 14 | AF16: =AE16*40/60 -> 9.3333333
A17: среднее | B17: =AVERAGE(B5:B15) -> 76.5 | C17: =AVERAGE(C5:C16) -> 65.5 | D17: =AVERAGE(D5:D15) -> 75 | E17: =AVERAGE(E5:E15) -> 59 | F17: =AVERAGE(F5:F15) -> 63 | G17: =AVERAGE(G5:G16) -> 47 | H17: =AVERAGE(H5:H16) -> 42 | I17: =AVERAGE(I5:I15) -> #DIV/0! | J17: =AVERAGE(J5:J15) -> #DIV/0! | K17: =AVERAGE(K5:K15) -> 64 | L17: =AVERAGE(L5:L15) -> 64 | M17: =AVERAGE(M5:M15) -> 52 | N17: =AVERAGE(N5:N15) -> 53 | O17: =AVERAGE(O5:O16) -> 62.5 | P17: =SUM(P5:P16) -> 483.5 | Q17: =SUM(Q5:Q16) -> 0 | R17: =SUM(R5:R16) -> 449.999 | S17: =SUM(S5:S16) -> 391 | T17: =SUM(T5:T16) -> 156.36 | U17: =SUM(P17:T17) -> 1480.859 | V17: =SUM(V5:V16) -> 20 | Y17: Исходная руда №5 | Z17: 0.3 | AA17: =100-Z17 -> 99.7 | AB17: 0.041666667 | AC17: №1 | AD17: 41 | AE17: 15 | AF17: =AE17*40/60 -> 10
AA18: =(AA14+AA15+AA16+AA17)/4 -> 99.45 | AC18: №3 | AD18: 40 | AE18: 16 | AF18: =AE18*40/60 -> 10.666667
A19: Загрузка шаров мельниц | C19: Ø, мм | D19: тн | F19: Примечание | I19: Ситовый анализ 04.01.26 см 2 | M19: Влага руды, % | P19: 2.2 | R19: 2.2 | S19: 2.7 | T19: 2.4 | U19: =(U17-U20)/U17*100 -> 2.3531354 | X19: 0.041666667 | AA19: - | AC19: №4 | AD19: 34 | AE19: 17 | AF19: =AE19*40/60 -> 11.333333
A20: №1 | C20: 70 | D20: 0.25 | F20: новые | K20: % | M20: Итого СМТ по весам за смену | P20: =(P17-(P17*P19/100)) -> 472.863 | R20: =(R17-(R17*R19/100)) -> 440.09902 | S20: =(S17-(S17*S19/100)) -> 380.443 | T20: =(T17-(T17*T19/100)) -> 152.60736 | U20: =P20+Q20+R20+S20+T20 -> 1446.0124 | Y20: Исходная руда №1 | Z20: 1 | AA20: =100-Z20 -> 99 | AC20: №5 | AD20: 11 | AE20: 18 | AF20: =AE20*40/60 -> 12
A21: №2 | C21: 30 | D21: 0.2 | F21: новые | I21: ГЦ№1 | J21: 50 | M21: Итого СМТ замер за смену | P21: =(U17-(U17*U19/100)) -> 1446.0124 | Y21: Исходная руда №3 | Z21: 1.7 | AA21: =100-Z21 -> 98.3 | AE21: 19 | AF21: =AE21*40/60 -> 12.666667
A22: №3 | C22: 70 | D22: 0.25 | F22: новые | I22: 100 | J22: =I22-J21 -> 50 | K22: =J22/I22*100 -> 50 | Y22: Исходная руда №4 | Z22: 1.4 | AA22: =100-Z22 -> 98.6 | AB22: 0.125 | AC22: №1 | AD22: 40 | AE22: 20 | AF22: =AE22*40/60 -> 13.333333
A23: №4 | C23: 70 | D23: 0.25 | F23: новые | I23: ГЦ№2 | J23: 30 | M23: Итого за сутки: | Y23: Исходная руда №5 | Z23: 1.2 | AA23: =100-Z23 -> 98.8 | AC23: №3 | AD23: 40 | AE23: 21 | AF23: =AE23*40/60 -> 14
A24: №5 | C24: 70 | D24: 0.2 | F24: новые | I24: 100 | J24: =I24-J23 -> 70 | K24: =J24/I24*100 -> 70 | M24: Итого с начала месяца: | AA24: =(AA20+AA21+AA22+AA23)/4 -> 98.675 | AC24: №4 | AD24: 32 | AE24: 22 | AF24: =AE24*40/60 -> 14.666667
A25: №3 | C25: 70 | D25: 1 | F25: новые | X25: 0.125 | AA25: - | AC25: №5 | AD25: 11 | AE25: 23 | AF25: =AE25*40/60 -> 15.333333
Y26: Исходная руда №1 | Z26: 0.9 | AA26: =100-Z26 -> 99.1 | AE26: 24 | AF26: =AE26*40/60 -> 16
A27: Простой мельниц | C27: с | D27: до | F27: кол-во мин | H27: Причины простоя | Y27: Исходная руда №3 | Z27: 1 | AA27: =100-Z27 -> 99 | AB27: 0.20833333 | AC27: №1 | AD27: 42 | AE27: 25 | AF27: =AE27*40/60 -> 16.666667
H28: МШР №4 ручной замер - сбой эл счетчика. | Y28: Исходная руда №4 | Z28: 1.2 | AA28: =100-Z28 -> 98.8 | AC28: №3 | AD28: 40 | AE28: 26 | AF28: =AE28*40/60 -> 17.333333
H29: В 23:30- 23:40 шуровка бункера МШР №3 10мин | Y29: Исходная руда №5 | Z29: 1.3 | AA29: =100-Z29 -> 98.7 | AC29: №4 | AD29: 34 | AE29: 27 | AF29: =AE29*40/60 -> 18
H30: В 06:25 поставили на выработку МШР №3 | AA30: =(AA26+AA27+AA28+AA29)/4 -> 98.9 | AC30: №5 | AD30: 12 | AE30: 28 | AF30: =AE30*40/60 -> 18.666667
A31: №3 | C31: 0.27291667 | D31: 0.28680556 | F31: 20мин | H31: Остановка мельницы по тех.части - подтяжка болтов на барабане | X31: 0.20833333 | AA31: - | AE31: 29 | AF31: =AE31*40/60 -> 19.333333
Y32: Исходная руда №1 | Z32: 1.5 | AA32: =100-Z32 -> 98.5 | AB32: 0.29166667 | AC32: №1 | AD32: 42 | AE32: 30 | AF32: =AE32*40/60 -> 20
Y33: Исходная руда №3 | Z33: 1.3 | AA33: =100-Z33 -> 98.7 | AC33: №3 | AD33: 39 | AE33: 31 | AF33: =AE33*40/60 -> 20.666667
Y34: Исходная руда №4 | Z34: 1.8 | AA34: =100-Z34 -> 98.2 | AC34: №4 | AD34: 33 | AE34: 32 | AF34: =AE34*40/60 -> 21.333333
Y35: Исходная руда №5 | Z35: 1.2 | AA35: =100-Z35 -> 98.8 | AC35: №5 | AD35: 12 | AE35: 33 | AF35: =AE35*40/60 -> 22
AA36: =(AA32+AA33+AA34+AA35)/4 -> 98.55 | AE36: 34 | AF36: =AE36*40/60 -> 22.666667
AE37: 35 | AF37: =AE37*40/60 -> 23.333333
AE38: 36 | AF38: =AE38*40/60 -> 24
AE39: 37 | AF39: =AE39*40/60 -> 24.666667
A40: Остаток МКР на начало смены | D40: 12 | AE40: 38 | AF40: =AE40*40/60 -> 25.333333
A41: Выпуск МКР за смену | D41: =V17 -> 20 | H41: Время | J41: 0.875 | K41: 0.95833333 | M41: 0.041666667 | N41: 03:00 | O41: 05:00 | P41: 07:00 | Q41: ср.значение | AE41: 39 | AF41: =AE41*40/60 -> 26
A42: Отгружено МКР за смену | H42: рН слива ГЦ-1 | J42: 9.66 | K42: 9.89 | M42: 10.15 | N42: 9.63 | O42: 9.86 | P42: 9.56 | Q42: =AVERAGE(J42:P43) -> 9.7916667 | AE42: 40 | AF42: =AE42*40/60 -> 26.666667
A43: Количество автомашин | R43: Старший контролер ОТК: Тусупбаева А. | AE43: 41 | AF43: =AE43*40/60 -> 27.333333
A44: Остаток МКР на конец смены | D44: =D40+D41-D42 -> 32 | R44: Контролер ОТК: Макулбеков Б. | AE44: 42 | AF44: =AE44*40/60 -> 28
AE45: 45 | AF45: =AE45*40/60 -> 30
AE46: 46 | AF46: =AE46*40/60 -> 30.666667
AE47: 47 | AF47: =AE47*40/60 -> 31.333333
AE48: 48 | AF48: =AE48*40/60 -> 32
AE49: 49 | AF49: =AE49*40/60 -> 32.666667
AE50: 50 | AF50: =AE50*40/60 -> 33.333333
AE51: 51 | AF51: =AE51*40/60 -> 34
AE52: 52 | AF52: =AE52*40/60 -> 34.666667
AE53: 53 | AF53: =AE53*40/60 -> 35.333333
AE54: 54 | AF54: =AE54*40/60 -> 36
AE55: 55 | AF55: =AE55*40/60 -> 36.666667
AE56: 56 | AF56: =AE56*40/60 -> 37.333333
... AE60: 60 | AF60: =AE60*40/60 -> 40

Sheet 05.01.26см2
A1: Дата | B1: 05.01.2026 | F1: Смена | G1: 2 | AE1: Мельница №5
B2: Плотность, % | N2: Ситовой анализ, % -74мкм | P2: Производительность мельниц, тн/ч | U2: все мельницы | V2: Выпуск МКР | W2: Время | X2: на начало смены | Y2: на конец смены | Z2: переработка по счетчику | AA2: № | AB2: Переработка Ручной замер | AE2: мин | AF2: тонн
A3: Время | B3: Слив мельниц | G3: Слив гидроциклона | I3: Сгуститель | K3: Классификатор | N3: Гидроциклон | AA3: МШР | AE3: 1 | AF3: =AE3*11/60 -> 0.18333333
B4: 1 | C4: 2 | D4: 3 | E4: 4 | F4: 5 | G4: 1ст | H4: 2ст | I4: 1 | J4: 2 | K4: 1 | L4: 3 | M4: 5 | N4: 1ст | O4: 2ст | P4: 1 | Q4: 2 | R4: 3 | S4: 4 | T4: 5 | AB4: Время | AC4: Мельница | AD4: Ручной | AE4: 2 | AF4: =AE4*11/60 -> 0.36666667
A5: 9 | P5: 33.8 | Q5: 0 | R5: 32.574 | S5: 29 | T5: 12.51 | U5: =SUM(P5:T5) -> 107.884 | W5: 9 | X5: 514375.4 | Y5: =X5+P17 -> 514818.3 | Z5: =Y5-X5 -> 442.9 | AA5: 1 | AE5: 3 | AF5: =AE5*11/60 -> 0.55
A6: 10 | P6: 32.7 | Q6: 0 | R6: 34.666 | S6: 29 | T6: 12.41 | U6: =SUM(P6:T6) -> 108.776 | V6: 1 | W6: 10 | X6: 811491.54 | Y6: =X6+R17 -> 811966.44 | Z6: =Y6-X6 -> 474.905 | AA6: 3 | AE6: 4 | AF6: =AE6*11/60 -> 0.73333333
A7: 11 | B7: 64 | D7: 66 | E7: 54 | F7: 59 | G7: 40 | I7: 29 | K7: 44 | L7: 51 | M7: 50 | N7: 60 | P7: 28.6 | Q7: 0 | R7: 34.743 | S7: 30 | T7: 11.56 | U7: =SUM(P7:T7) -> 104.903 | V7: 2 | W7: 11 | X7: 505172 | Y7: =X7+S17 -> 505529 | Z7: =Y7-X7 -> 357 | AA7: 4 | AB7: 0.375 | AC7: №1 | AD7: 36 | AE7: 5 | AF7: =AE7*11/60 -> 0.91666667
A8: 12 | P8: 33.9 | Q8: 0 | R8: 36.044 | S8: 29 | T8: 10 | U8: =SUM(P8:T8) -> 108.944 | V8: 3 | W8: 12 | X8: 1288.3 | Y8: =X8+T17 -> 1424.45 | Z8: =T17 -> 136.15 | AA8: 5 | AC8: №3 | AD8: 35 | AE8: 6 | AF8: =AE8*11/60 -> 1.1
A9: 13 | P9: 37.2 | Q9: 0 | R9: 39.107 | S9: 29 | T9: 10 | U9: =SUM(P9:T9) -> 115.307 | V9: 1 | W9: 13 | X9: Итого производ - ность за смену | Z9: =SUM(Z5:Z8) -> 1410.955 | AC9: №4 | AD9: 29 | AE9: 7 | AF9: =AE9*11/60 -> 1.2833333
A10: 14 | P10: 38.6 | Q10: 0 | R10: 44.713 | S10: 29 | T10: 11 | U10: =SUM(P10:T10) -> 123.313 | W10: 14 | AC10: №5 | AD10: 10 | AE10: 8 | AF10: =AE10*11/60 -> 1.4666667
A11: 15 | C11: 62 | H11: 39 | O11: 67 | P11: 37.5 | Q11: 0 | R11: 43.296 | S11: 30 | T11: 10.59 | U11: =SUM(P11:T11) -> 121.386 | V11: 2 | W11: 15 | X11: Руда с конвейера Сито 12 мм | AE11: 9 | AF11: =AE11*11/60 -> 1.65
A12: 16 | P12: 40.9 | Q12: 0 | R12: 43.7 | S12: 29 | T12: 11.15 | U12: =SUM(P12:T12) -> 124.75 | V12: 3 | W12: 16 | AB12: 0.45833333 | AC12: №1 | AD12: 37 | AE12: 10 | AF12: =AE12*11/60 -> 1.8333333
A13: 17 | B13: 69 | C13: 62 | D13: 72 | E13: 54 | F13: 60 | G13: 47 | H13: 38 | I13: 25 | K13: 51 | L13: 54 | M13: 49 | N13: 44 | O13: 65 | P13: 40.9 | Q13: 0 | R13: 42.829 | S13: 31 | T13: 11.71 | U13: =SUM(P13:T13) -> 126.439 | V13: 5 | W13: 17 | X13: Время | Y13: Мельница | Z13: + | AA13: - | AC13: №3 | AD13: 37 | AE13: 11 | AF13: =AE13*11/60 -> 2.0166667
A14: 18 | P14: 38.4 | Q14: 0 | R14: 41.863 | S14: 30 | T14: 13.47 | U14: =SUM(P14:T14) -> 123.733 | V14: 5 | W14: 18 | X14: 0.41666667 | Y14: Исходная руда №1 | Z14: 1.6 | AA14: =100-Z14 -> 98.4 | AC14: №4 | AD14: 30 | AE14: 12 | AF14: =AE14*11/60 -> 2.2
A15: 19 | P15: 40.8 | Q15: 0 | R15: 41.747 | S15: 32 | T15: 11.88 | U15: =SUM(P15:T15) -> 126.427 | V15: 3 | W15: 19 | Y15: Исходная руда №3 | Z15: 0.9 | AA15: =100-Z15 -> 99.1 | AC15: №5 | AD15: 10 | AE15: 13 | AF15: =AE15*11/60 -> 2.3833333
A16: 20 | P16: 39.6 | Q16: 0 | R16: 39.623 | S16: 30 | T16: 9.87 | U16: =SUM(P16:T16) -> 119.093 | V16: 2 | W16: 20 | Y16: Исходная руда №4 | Z16: 3.7 | AA16: =100-Z16 -> 96.3 | AE16: 14 | AF16: =AE16*11/60 -> 2.5666667
A17: среднее | B17: =AVERAGE(B5:B15) -> 66.5 | C17: =AVERAGE(C5:C16) -> 62 | D17: =AVERAGE(D5:D15) -> 69 | E17: =AVERAGE(E5:E15) -> 54 | F17: =AVERAGE(F5:F15) -> 59.5 | G17: =AVERAGE(G5:G16) -> 43.5 | H17: =AVERAGE(H5:H16) -> 38.5 | I17: =AVERAGE(I5:I15) -> 27 | J17: =AVERAGE(J5:J15) -> #DIV/0! | K17: =AVERAGE(K5:K15) -> 47.5 | L17: =AVERAGE(L5:L15) -> 52.5 | M17: =AVERAGE(M5:M15) -> 49.5 | N17: =AVERAGE(N5:N15) -> 52 | O17: =AVERAGE(O5:O16) -> 66 | P17: =SUM(P5:P16) -> 442.9 | Q17: =SUM(Q5:Q16) -> 0 | R17: =SUM(R5:R16) -> 474.905 | S17: =SUM(S5:S16) -> 357 | T17: =SUM(T5:T16) -> 136.15 | U17: =SUM(P17:T17) -> 1410.955 | V17: =SUM(V5:V16) -> 27 | Y17: Исходная руда №5 | Z17: 2 | AA17: =100-Z17 -> 98 | AB17: 0.54166667 | AC17: №1 | AD17: 41 | AE17: 15 | AF17: =AE17*11/60 -> 2.75
AA18: =(AA14+AA15+AA16+AA17)/4 -> 97.95 | AC18: №3 | AD18: 41 | AE18: 16 | AF18: =AE18*11/60 -> 2.9333333
A19: Загрузка шаров мельниц | C19: Ø, мм | D19: тн | F19: Примечание | I19: Ситовый анализ 05.01.26 см 1 | M19: Влага руды, % | P19: 2.7 | R19: 2.1 | S19: 2.3 | T19: 2.6 | U19: =(U17-U20)/U17*100 -> 2.387192 | X19: 0.5 | AA19: - | AC19: №4 | AD19: 30 | AE19: 17 | AF19: =AE19*11/60 -> 3.1166667
A20: №1 | C20: 70 | D20: 0.2 | F20: новые | K20: % | M20: Итого СМТ по весам за смену | P20: =(P17-(P17*P19/100)) -> 430.9417 | R20: =(R17-(R17*R19/100)) -> 464.93199 | S20: =(S17-(S17*S19/100)) -> 348.789 | T20: =(T17-(T17*T19/100)) -> 132.6101 | U20: =P20+Q20+R20+S20+T20 -> 1377.2728 | Y20: Исходная руда №1 | Z20: 1.2 | AA20: =100-Z20 -> 98.8 | AC20: №5 | AD20: 10 | AE20: 18 | AF20: =AE20*11/60 -> 3.3
A21: №3 | C21: 70 | D21: 0.2 | F21: новые | I21: ГЦ№1 | J21: 48 | M21: Итого СМТ замер за смену | P21: =(U17-(U17*U19/100)) -> 1377.2728 | Y21: Исходная руда №3 | Z21: 1.8 | AA21: =100-Z21 -> 98.2 | AE21: 19 | AF21: =AE21*11/60 -> 3.4833333
A22: №4 | C22: 70 | D22: 0.2 | F22: новые | I22: 100 | J22: =I22-J21 -> 52 | K22: =J22/I22*100 -> 52 | Y22: Исходная руда №4 | Z22: 2.7 | AA22: =100-Z22 -> 97.3 | AB22: 0.625 | AC22: №1 | AD22: 40 | AE22: 20 | AF22: =AE22*11/60 -> 3.6666667
A23: №5 | C23: 70 | D23: 0.15 | F23: новые | I23: ГЦ№2 | J23: 36 | M23: Итого за сутки: | Y23: Исходная руда №5 | Z23: 2.8 | AA23: =100-Z23 -> 97.2 | AC23: №3 | AD23: 42 | AE23: 21 | AF23: =AE23*11/60 -> 3.85
I24: 100 | J24: =I24-J23 -> 64 | K24: =J24/I24*100 -> 64 | M24: Итого с начала месяца: | AA24: =(AA20+AA21+AA22+AA23)/4 -> 97.875 | AC24: №4 | AD24: 31 | AE24: 22 | AF24: =AE24*11/60 -> 4.0333333
X25: 0.625 | AA25: - | AC25: №5 | AD25: 12 | AE25: 23 | AF25: =AE25*11/60 -> 4.2166667
Y26: Исходная руда №1 | Z26: 6 | AA26: =100-Z26 -> 94 | AE26: 24 | AF26: =AE26*11/60 -> 4.4
A27: Простой мельниц | C27: с | D27: до | F27: кол-во мин | H27: Причины простоя | Y27: Исходная руда №3 | Z27: 2.7 | AA27: =100-Z27 -> 97.3 | AB27: 0.70833333 | AC27: №1 | AD27: 42 | AE27: 25 | AF27: =AE27*11/60 -> 4.5833333
H28: МШР №4 ручной замер - сбой эл счетчика. Калибровка эл счетчика. С 12:00 Q по счетчику. | Y28: Исходная руда №4 | Z28: 1.5 | AA28: =100-Z28 -> 98.5 | AC28: №3 | AD28: 43 | AE28: 26 | AF28: =AE28*11/60 -> 4.7666667
A29: №2 | C29: 0.36805556 | D29: 0.51805556 | F29: 3 часа 36 мин | H29: Остановили МШЦ - ППР снизили Q МШР №1, МШР№3 до 36 тн/ч | Y29: Исходная руда №5 | Z29: 2.1 | AA29: =100-Z29 -> 97.9 | AC29: №4 | AD29: 31 | AE29: 27 | AF29: =AE29*11/60 -> 4.95
H30: В 10:25 - 10:33 шуровка бункера МШР №1. 8мин | AA30: =(AA26+AA27+AA28+AA29)/4 -> 96.925 | AC30: №5 | AD30: 11 | AE30: 28 | AF30: =AE30*11/60 -> 5.1333333
H31: С 12:00 МШР №5 ручной замер - сбой эл счетчика. Калибровка эл счетчика. С 15:00 Q по счетчику | X31: 0.70833333 | AA31: - | AE31: 29 | AF31: =AE31*11/60 -> 5.3166667
Y32: Исходная руда №1 | Z32: 1.1 | AA32: =100-Z32 -> 98.9 | AB32: 0.79166667 | AC32: №1 | AD32: 41 | AE32: 30 | AF32: =AE32*11/60 -> 5.5
Y33: Исходная руда №3 | Z33: 1.5 | AA33: =100-Z33 -> 98.5 | AC33: №3 | AD33: 42 | AE33: 31 | AF33: =AE33*11/60 -> 5.6833333
Y34: Исходная руда №4 | Z34: 2.4 | AA34: =100-Z34 -> 97.6 | AC34: №4 | AD34: 32 | AE34: 32 | AF34: =AE34*11/60 -> 5.8666667
Y35: Исходная руда №5 | Z35: 5.3 | AA35: =100-Z35 -> 94.7 | AC35: №5 | AD35: 11 | AE35: 33 | AF35: =AE35*11/60 -> 6.05
AA36: =(AA32+AA33+AA34+AA35)/4 -> 97.425 | AE36: 34 | AF36: =AE36*11/60 -> 6.2333333
AE37: 35 | AF37: =AE37*11/60 -> 6.4166667
AE38: 36 | AF38: =AE38*11/60 -> 6.6
AE39: 37 | AF39: =AE39*11/60 -> 6.7833333
A40: Остаток МКР на начало смены | D40: 32 | AE40: 38 | AF40: =AE40*11/60 -> 6.9666667
A41: Выпуск МКР за смену | D41: =V17 -> 27 | H41: Время | J41: 0.375 | K41: 0.45833333 | M41: 0.54166667 | N41: 15:00 | O41: 17:00 | P41: 19:00 | Q41: ср.значение | AE41: 39 | AF41: =AE41*11/60 -> 7.15
A42: Отгружено МКР за смену | D42: 36 | H42: рН слива ГЦ-1 | J42: 9.34 | K42: 9.73 | M42: 9.26 | N42: 9.91 | O42: 9.32 | P42: 9.02 | Q42: =AVERAGE(J42:P43) -> 9.43 | AE42: 40 | AF42: =AE42*11/60 -> 7.3333333
A43: Количество автомашин | D43: 2 | R43: Старший контролер ОТК: Хамзина Л. | AE43: 41 | AF43: =AE43*11/60 -> 7.5166667
A44: Остаток МКР на конец смены | D44: =D40+D41-D42 -> 23 | R44: Контролер ОТК: Навроцкая Т. | AE44: 42 | AF44: =AE44*11/60 -> 7.7
AE45: 45 | AF45: =AE45*11/60 -> 8.25
AE46: 46 | AF46: =AE46*11/60 -> 8.4333333
AE47: 47 | AF47: =AE47*11/60 -> 8.6166667
AE48: 48 | AF48: =AE48*11/60 -> 8.8
AE49: 49 | AF49: =AE49*11/60 -> 8.9833333
AE50: 50 | AF50: =AE50*11/60 -> 9.1666667
AE51: 51 | AF51: =AE51*11/60 -> 9.35
AE52: 52 | AF52: =AE52*11/60 -> 9.5333333
AE53: 53 | AF53: =AE53*11/60 -> 9.7166667
AE54: 54 | AF54: =AE54*11/60 -> 9.9
AE55: 55 | AF55: =AE55*11/60 -> 10.083333
AE56: 56 | AF56: =AE56*11/60 -> 10.266667
... AE60: 60 | AF60: =AE60*11/60 -> 11

Sheet 06.01.26см1
A1: Дата | B1: 06.01.2026 | F1: Смена | G1: 1 | AE1: Мельница №5
B2: Плотность, % | N2: Ситовой анализ, % -74мкм | P2: Производительность мельниц, тн/ч | U2: все мельницы | V2: Выпуск МКР | W2: Время | X2: на начало смены | Y2: на конец смены | Z2: переработка по счетчику | AA2: № | AB2: Переработка Ручной замер | AE2: мин | AF2: тонн
A3: Время | B3: Слив мельниц | G3: Слив гидроциклона | I3: Сгуститель | K3: Классификатор | N3: Гидроциклон | AA3: МШР | AE3: 1 | AF3: =AE3*40/60 -> 0.66666667
B4: 1 | C4: 2 | D4: 3 | E4: 4 | F4: 5 | G4: 1ст | H4: 2ст | I4: 1 | J4: 2 | K4: 1 | L4: 3 | M4: 5 | N4: 1ст | O4: 2ст | P4: 1 | Q4: 2 | R4: 3 | S4: 4 | T4: 5 | AB4: Время | AC4: Мельница | AD4: Ручной | AE4: 2 | AF4: =AE4*40/60 -> 1.3333333
A5: 21 | P5: 41.7 | Q5: 0 | R5: 36.879 | S5: 32 | T5: 10.71 | U5: =SUM(P5:T5) -> 121.289 | V5: 1 | W5: 21 | X5: ='05.01.26см2'!Y5 -> 514818.3 | Y5: =X5+P17 -> 515313 | Z5: =Y5-X5 -> 494.7 | AA5: 1 | AE5: 3 | AF5: =AE5*40/60 -> 2
A6: 22 | P6: 42 | Q6: 0 | R6: 41.601 | S6: 32 | T6: 12.17 | U6: =SUM(P6:T6) -> 127.771 | V6: 1 | W6: 22 | X6: ='05.01.26см2'!Y6 -> 811966.44 | Y6: =X6+R17 -> 812475.79 | Z6: =Y6-X6 -> 509.345 | AA6: 3 | AE6: 4 | AF6: =AE6*40/60 -> 2.6666667
A7: 23 | B7: 77 | C7: 65 | D7: 70 | E7: 64 | F7: 62 | G7: 51 | H7: 36 | K7: 65 | L7: 60 | M7: 54 | N7: 47 | O7: 69 | P7: 42.1 | Q7: 0 | R7: 42.319 | S7: 32 | T7: 9.79 | U7: =SUM(P7:T7) -> 126.209 | W7: 23 | X7: 505526 | Y7: =X7+S17 -> 505927 | Z7: =Y7-X7 -> 401 | AA7: 4 | AB7: 0.875 | AC7: №1 | AD7: 41 | AE7: 5 | AF7: =AE7*40/60 -> 3.3333333
A8: 24 | P8: 42.8 | Q8: 0 | R8: 38.705 | S8: 33 | T8: 12.28 | U8: =SUM(P8:T8) -> 126.785 | V8: 1 | W8: 24 | X8: 1438.45 | Y8: =X8+T17 -> 1575.01 | Z8: =T17 -> 136.56 | AA8: 5 | AC8: №3 | AD8: 40 | AE8: 6 | AF8: =AE8*40/60 -> 4
A9: 1 | P9: 36.3 | Q9: 0 | R9: 44.367 | S9: 34 | T9: 11.24 | U9: =SUM(P9:T9) -> 125.907 | V9: 3 | W9: 1 | X9: Итого производ - ность за смену | Z9: =SUM(Z5:Z8) -> 1541.605 | AC9: №4 | AD9: 31 | AE9: 7 | AF9: =AE9*40/60 -> 4.6666667
A10: 2 | P10: 40.9 | Q10: 0 | R10: 42.99 | S10: 31 | T10: 11.5 | U10: =SUM(P10:T10) -> 126.39 | V10: 1 | W10: 2 | AC10: №5 | AD10: 10 | AE10: 8 | AF10: =AE10*40/60 -> 5.3333333
A11: 3 | P11: 39.8 | Q11: 0 | R11: 46.823 | S11: 34 | T11: 11 | U11: =SUM(P11:T11) -> 131.623 | V11: 3 | W11: 3 | X11: Руда с конвейера Сито 12 мм | AE11: 9 | AF11: =AE11*40/60 -> 6
A12: 4 | P12: 41.9 | Q12: 0 | R12: 47.077 | S12: 33 | T12: 11.43 | U12: =SUM(P12:T12) -> 133.407 | V12: 2 | W12: 4 | AB12: 0.95833333 | AC12: №1 | AD12: 42 | AE12: 10 | AF12: =AE12*40/60 -> 6.6666667
A13: 5 | B13: 78 | C13: 66 | D13: 75 | E13: 70 | F13: 68 | G13: 48 | H13: 34 | K13: 63 | L13: 60 | M13: 55 | N13: 50 | O13: 71 | P13: 41.7 | Q13: 0 | R13: 44.598 | S13: 35 | T13: 11.52 | U13: =SUM(P13:T13) -> 132.818 | V13: 4 | W13: 5 | X13: Время | Y13: Мельница | Z13: + | AA13: - | AC13: №3 | AD13: 42 | AE13: 11 | AF13: =AE13*40/60 -> 7.3333333
A14: 6 | P14: 42 | Q14: 0 | R14: 40.446 | S14: 36 | T14: 11.49 | U14: =SUM(P14:T14) -> 129.936 | V14: 4 | W14: 6 | X14: 0.91666667 | Y14: Исходная руда №1 | Z14: 1.9 | AA14: =100-Z14 -> 98.1 | AC14: №4 | AD14: 31 | AE14: 12 | AF14: =AE14*40/60 -> 8
A15: 7 | P15: 40.1 | Q15: 0 | R15: 42.868 | S15: 36 | T15: 12.52 | U15: =SUM(P15:T15) -> 131.488 | V15: 4 | W15: 7 | Y15: Исходная руда №3 | Z15: 1.5 | AA15: =100-Z15 -> 98.5 | AC15: №5 | AD15: 10 | AE15: 13 | AF15: =AE15*40/60 -> 8.6666667
A16: 8 | P16: 43.4 | Q16: 0 | R16: 40.672 | S16: 33 | T16: 10.91 | U16: =SUM(P16:T16) -> 127.982 | V16: 6 | W16: 8 | Y16: Исходная руда №4 | Z16: 1.3 | AA16: =100-Z16 -> 98.7 | AE16: 14 | AF16: =AE16*40/60 -> 9.3333333
A17: среднее | B17: =AVERAGE(B5:B15) -> 77.5 | C17: =AVERAGE(C5:C16) -> 65.5 | D17: =AVERAGE(D5:D15) -> 72.5 | E17: =AVERAGE(E5:E15) -> 67 | F17: =AVERAGE(F5:F15) -> 65 | G17: =AVERAGE(G5:G16) -> 49.5 | H17: =AVERAGE(H5:H16) -> 35 | I17: =AVERAGE(I5:I15) -> #DIV/0! | J17: =AVERAGE(J5:J15) -> #DIV/0! | K17: =AVERAGE(K5:K15) -> 64 | L17: =AVERAGE(L5:L15) -> 60 | M17: =AVERAGE(M5:M15) -> 54.5 | N17: =AVERAGE(N5:N15) -> 48.5 | O17: =AVERAGE(O5:O16) -> 70 | P17: =SUM(P5:P16) -> 494.7 | Q17: =SUM(Q5:Q16) -> 0 | R17: =SUM(R5:R16) -> 509.345 | S17: =SUM(S5:S16) -> 401 | T17: =SUM(T5:T16) -> 136.56 | U17: =SUM(P17:T17) -> 1541.605 | V17: =SUM(V5:V16) -> 30 | Y17: Исходная руда №5 | Z17: 2 | AA17: =100-Z17 -> 98 | AB17: 0.041666667 | AC17: №1 | AD17: 40 | AE17: 15 | AF17: =AE17*40/60 -> 10
AA18: =(AA14+AA16+AA17)/3 -> 98.266667 | AC18: №3 | AD18: 41 | AE18: 16 | AF18: =AE18*40/60 -> 10.666667
A19: Загрузка шаров мельниц | C19: Ø, мм | D19: тн | F19: Примечание | I19: Ситовый анализ 05.01.26 см 2 | M19: Влага руды, % | P19: 2.5 | R19: 2.3 | S19: 2.7 | T19: 2.6 | U19: =(U17-U20)/U17*100 -> 2.4948022 | X19: 0.041666667 | AA19: - | AC19: №4 | AD19: 32 | AE19: 17 | AF19: =AE19*40/60 -> 11.333333
A20: №1 | C20: 70 | D20: 0.2 | F20: новые | K20: % | M20: Итого СМТ по весам за смену | P20: =(P17-(P17*P19/100)) -> 482.3325 | R20: =(R17-(R17*R19/100)) -> 497.63006 | S20: =(S17-(S17*S19/100)) -> 390.173 | T20: =(T17-(T17*T19/100)) -> 133.00944 | U20: =P20+Q20+R20+S20+T20 -> 1503.145 | Y20: Исходная руда №1 | Z20: 0.4 | AA20: =100-Z20 -> 99.6 | AC20: №5 | AD20: 10 | AE20: 18 | AF20: =AE20*40/60 -> 12
A21: №2 | C21: 20 | D21: 0.2 | F21: новые | I21: ГЦ№1 | J21: 47 | M21: Итого СМТ замер за смену | P21: =(U17-(U17*U19/100)) -> 1503.145 | Y21: Исходная руда №3 | Z21: 0.9 | AA21: =100-Z21 -> 99.1 | AE21: 19 | AF21: =AE21*40/60 -> 12.666667
A22: №3 | C22: 70 | D22: 0.2 | F22: новые | I22: 100 | J22: =I22-J21 -> 53 | K22: =J22/I22*100 -> 53 | Y22: Исходная руда №4 | Z22: 0.7 | AA22: =100-Z22 -> 99.3 | AB22: 0.125 | AC22: №1 | AD22: 41 | AE22: 20 | AF22: =AE22*40/60 -> 13.333333
A23: №4 | C23: 70 | D23: 0.15 | F23: новые | I23: ГЦ№2 | J23: 32 | M23: Итого за сутки: | Y23: Исходная руда №5 | Z23: 0.5 | AA23: =100-Z23 -> 99.5 | AC23: №3 | AD23: 43 | AE23: 21 | AF23: =AE23*40/60 -> 14
A24: №5 | C24: 70 | D24: 0.2 | F24: новые | I24: 100 | J24: =I24-J23 -> 68 | K24: =J24/I24*100 -> 68 | M24: Итого с начала месяца: | AA24: =(AA20+AA22+AA23)/3 -> 99.466667 | AC24: №4 | AD24: 32 | AE24: 22 | AF24: =AE24*40/60 -> 14.666667
X25: 0.125 | AA25: - | AC25: №5 | AD25: 11 | AE25: 23 | AF25: =AE25*40/60 -> 15.333333
Y26: Исходная руда №1 | Z26: 0.8 | AA26: =100-Z26 -> 99.2 | AE26: 24 | AF26: =AE26*40/60 -> 16
A27: Простой мельниц | C27: с | D27: до | F27: кол-во мин | H27: Причины простоя | Y27: Исходная руда №3 | Z27: 1.1 | AA27: =100-Z27 -> 98.9 | AB27: 0.20833333 | AC27: №1 | AD27: 42 | AE27: 25 | AF27: =AE27*40/60 -> 16.666667
H28: В 20:30- 20:40 шуровка бункера МШР №3 10мин | Y28: Исходная руда №4 | Z28: 0.9 | AA28: =100-Z28 -> 99.1 | AC28: №3 | AD28: 43 | AE28: 26 | AF28: =AE28*40/60 -> 17.333333
H29: В 24:20- 24:30 шуровка бункера МШР №1 10мин | Y29: Исходная руда №5 | Z29: 1.3 | AA29: =100-Z29 -> 98.7 | AC29: №4 | AD29: 34 | AE29: 27 | AF29: =AE29*40/60 -> 18
H30: В 1:17 запустили №2 секцию флотации | AA30: =(AA26+AA28+AA29)/3 -> 99 | AC30: №5 | AD30: 11 | AE30: 28 | AF30: =AE30*40/60 -> 18.666667
X31: 0.20833333 | AA31: - | AE31: 29 | AF31: =AE31*40/60 -> 19.333333
Y32: Исходная руда №1 | Z32: 1 | AA32: =100-Z32 -> 99 | AB32: 0.29166667 | AC32: №1 | AD32: 42 | AE32: 30 | AF32: =AE32*40/60 -> 20
Y33: Исходная руда №3 | Z33: 1.2 | AA33: =100-Z33 -> 98.8 | AC33: №3 | AD33: 42 | AE33: 31 | AF33: =AE33*40/60 -> 20.666667
Y34: Исходная руда №4 | Z34: 1.4 | AA34: =100-Z34 -> 98.6 | AC34: №4 | AD34: 33 | AE34: 32 | AF34: =AE34*40/60 -> 21.333333
Y35: Исходная руда №5 | Z35: 0.9 | AA35: =100-Z35 -> 99.1 | AC35: №5 | AD35: 11 | AE35: 33 | AF35: =AE35*40/60 -> 22
AA36: =(AA32+AA34+AA35)/3 -> 98.9 | AE36: 34 | AF36: =AE36*40/60 -> 22.666667
AE37: 35 | AF37: =AE37*40/60 -> 23.333333
AE38: 36 | AF38: =AE38*40/60 -> 24
AE39: 37 | AF39: =AE39*40/60 -> 24.666667
A40: Остаток МКР на начало смены | D40: 23 | AE40: 38 | AF40: =AE40*40/60 -> 25.333333
A41: Выпуск МКР за смену | D41: =V17 -> 30 | H41: Время | J41: 0.875 | K41: 0.95833333 | M41: 0.041666667 | N41: 03:00 | O41: 05:00 | P41: 07:00 | Q41: ср.значение | AE41: 39 | AF41: =AE41*40/60 -> 26
A42: Отгружено МКР за смену | H42: рН слива ГЦ-1 | J42: 9.11 | K42: 9.82 | M42: 9.63 | N42: 9.73 | O42: 9.06 | P42: 9.37 | Q42: =AVERAGE(J42:P43) -> 9.4533333 | AE42: 40 | AF42: =AE42*40/60 -> 26.666667
A43: Количество автомашин | R43: Старший контролер ОТК: Тусупбаева А. | AE43: 41 | AF43: =AE43*40/60 -> 27.333333
A44: Остаток МКР на конец смены | D44: =D40+D41-D42 -> 53 | R44: Контролер ОТК: Макулбеков Б. | AE44: 42 | AF44: =AE44*40/60 -> 28
AE45: 45 | AF45: =AE45*40/60 -> 30
AE46: 46 | AF46: =AE46*40/60 -> 30.666667
AE47: 47 | AF47: =AE47*40/60 -> 31.333333
AE48: 48 | AF48: =AE48*40/60 -> 32
AE49: 49 | AF49: =AE49*40/60 -> 32.666667
AE50: 50 | AF50: =AE50*40/60 -> 33.333333
AE51: 51 | AF51: =AE51*40/60 -> 34
AE52: 52 | AF52: =AE52*40/60 -> 34.666667
AE53: 53 | AF53: =AE53*40/60 -> 35.333333
AE54: 54 | AF54: =AE54*40/60 -> 36
AE55: 55 | AF55: =AE55*40/60 -> 36.666667
AE56: 56 | AF56: =AE56*40/60 -> 37.333333
... AE60: 60 | AF60: =AE60*40/60 -> 40

Sheet 06.01.26см2
A1: Дата | B1: 06.01.2026 | F1: Смена | G1: 2 | AE1: Мельница №5
B2: Плотность, % | N2: Ситовой анализ, % -74мкм | P2: Производительность мельниц, тн/ч | U2: все мельницы | V2: Выпуск МКР | W2: Время | X2: на начало смены | Y2: на конец смены | Z2: переработка по счетчику | AA2: № | AB2: Переработка Ручной замер | AE2: мин | AF2: тонн
A3: Время | B3: Слив мельниц | G3: Слив гидроциклона | I3: Сгуститель | K3: Классификатор | N3: Гидроциклон | AA3: МШР | AE3: 1 | AF3: =AE3*11/60 -> 0.18333333
B4: 1 | C4: 2 | D4: 3 | E4: 4 | F4: 5 | G4: 1ст | H4: 2ст | I4: 1 | J4: 2 | K4: 1 | L4: 3 | M4: 5 | N4: 1ст | O4: 2ст | P4: 1 | Q4: 2 | R4: 3 | S4: 4 | T4: 5 | AB4: Время | AC4: Мельница | AD4: Ручной | AE4: 2 | AF4: =AE4*11/60 -> 0.36666667
A5: 9 | P5: 26.8 | Q5: 0 | R5: 38.519 | S5: 37 | T5: 11.58 | U5: =SUM(P5:T5) -> 113.899 | V5: 1 | W5: 9 | X5: 515313 | Y5: =X5+P17 -> 515586 | Z5: =Y5-X5 -> 273 | AA5: 1 | AE5: 3 | AF5: =AE5*11/60 -> 0.55
A6: 10 | P6: 0 | Q6: 0 | R6: 46.525 | S6: 30 | T6: 11.39 | U6: =SUM(P6:T6) -> 87.915 | V6: 1 | W6: 10 | X6: 812475.79 | Y6: =X6+R17 -> 812991.76 | Z6: =Y6-X6 -> 515.973 | AA6: 3 | AE6: 4 | AF6: =AE6*11/60 -> 0.73333333
A7: 11 | C7: 53 | D7: 71 | E7: 63 | F7: 57 | G7: 44 | H7: 33 | I7: 25 | L7: 55 | M7: 52 | N7: 55 | O7: 69 | P7: 0 | Q7: 0 | R7: 43.163 | S7: 30 | T7: 11.07 | U7: =SUM(P7:T7) -> 84.233 | V7: 3 | W7: 11 | X7: 505927 | Y7: =X7+S17 -> 506303 | Z7: =Y7-X7 -> 376 | AA7: 4 | AB7: 0.375 | AC7: №1 | AD7: 42 | AE7: 5 | AF7: =AE7*11/60 -> 0.91666667
A8: 12 | P8: 0 | Q8: 0 | R8: 46.557 | S8: 28 | T8: 11.22 | U8: =SUM(P8:T8) -> 85.777 | V8: 2 | W8: 12 | X8: 1575.01 | Y8: =X8+T17 -> 1712.66 | Z8: =T17 -> 137.65 | AA8: 5 | AC8: №3 | AD8: 41 | AE8: 6 | AF8: =AE8*11/60 -> 1.1
A9: 13 | P9: 0 | Q9: 0 | R9: 46.074 | S9: 34 | T9: 10.48 | U9: =SUM(P9:T9) -> 90.554 | V9: 2 | W9: 13 | X9: Итого производ - ность за смену | Z9: =SUM(Z5:Z8) -> 1302.623 | AC9: №4 | AD9: 34 | AE9: 7 | AF9: =AE9*11/60 -> 1.2833333
A10: 14 | P10: 0 | Q10: 0 | R10: 43.661 | S10: 30 | T10: 11.7 | U10: =SUM(P10:T10) -> 85.361 | V10: 1 | W10: 14 | AC10: №5 | AD10: 13 | AE10: 8 | AF10: =AE10*11/60 -> 1.4666667
A11: 15 | P11: 34.7 | Q11: 0 | R11: 38.947 | S11: 31 | T11: 9.58 | U11: =SUM(P11:T11) -> 114.227 | V11: 2 | W11: 15 | X11: Руда с конвейера Сито 12 мм | AE11: 9 | AF11: =AE11*11/60 -> 1.65
A12: 16 | P12: 43.5 | Q12: 0 | R12: 41.865 | S12: 32 | T12: 11.58 | U12: =SUM(P12:T12) -> 128.945 | V12: 3 | W12: 16 | AB12: 0.45833333 | AC12: №1 | AE12: 10 | AF12: =AE12*11/60 -> 1.8333333
A13: 17 | B13: 63 | C13: 53 | D13: 70 | E13: 59 | F13: 62 | G13: 42 | H13: 31 | I13: 29 | K13: 43 | L13: 55 | M13: 56 | N13: 57 | O13: 72 | P13: 42 | Q13: 0 | R13: 44.88 | S13: 32 | T13: 12.1 | U13: =SUM(P13:T13) -> 130.98 | V13: 3 | W13: 17 | X13: Время | Y13: Мельница | Z13: + | AA13: - | AC13: №3 | AD13: 43 | AE13: 11 | AF13: =AE13*11/60 -> 2.0166667
A14: 18 | P14: 42 | Q14: 0 | R14: 41.782 | S14: 31 | T14: 12.37 | U14: =SUM(P14:T14) -> 127.152 | V14: 4 | W14: 18 | X14: 0.41666667 | Y14: Исходная руда №1 | AA14: =100-Z14 -> 100 | AC14: №4 | AD14: 33 | AE14: 12 | AF14: =AE14*11/60 -> 2.2
A15: 19 | P15: 42 | Q15: 0 | R15: 42 | S15: 31 | T15: 11.75 | U15: =SUM(P15:T15) -> 126.75 | V15: 4 | W15: 19 | Y15: Исходная руда №3 | Z15: 0.8 | AA15: =100-Z15 -> 99.2 | AC15: №5 | AD15: 13 | AE15: 13 | AF15: =AE15*11/60 -> 2.3833333
A16: 20 | P16: 42 | Q16: 0 | R16: 42 | S16: 30 | T16: 12.83 | U16: =SUM(P16:T16) -> 126.83 | V16: 5 | W16: 20 | Y16: Исходная руда №4 | Z16: 1.7 | AA16: =100-Z16 -> 98.3 | AE16: 14 | AF16: =AE16*11/60 -> 2.5666667
A17: среднее | B17: =AVERAGE(B5:B15) -> 63 | C17: =AVERAGE(C5:C16) -> 53 | D17: =AVERAGE(D5:D15) -> 70.5 | E17: =AVERAGE(E5:E15) -> 61 | F17: =AVERAGE(F5:F15) -> 59.5 | G17: =AVERAGE(G5:G16) -> 43 | H17: =AVERAGE(H5:H16) -> 32 | I17: =AVERAGE(I5:I15) -> 27 | J17: =AVERAGE(J5:J15) -> #DIV/0! | K17: =AVERAGE(K5:K15) -> 43 | L17: =AVERAGE(L5:L15) -> 55 | M17: =AVERAGE(M5:M15) -> 54 | N17: =AVERAGE(N5:N15) -> 56 | O17: =AVERAGE(O5:O16) -> 70.5 | P17: =SUM(P5:P16) -> 273 | Q17: =SUM(Q5:Q16) -> 0 | R17: =SUM(R5:R16) -> 515.973 | S17: =SUM(S5:S16) -> 376 | T17: =SUM(T5:T16) -> 137.65 | U17: =SUM(P17:T17) -> 1302.623 | V17: =SUM(V5:V16) -> 31 | Y17: Исходная руда №5 | Z17: 0.9 | AA17: =100-Z17 -> 99.1 | AB17: 0.54166667 | AC17: №1 | AE17: 15 | AF17: =AE17*11/60 -> 2.75
AA18: 98.87 | AC18: №3 | AD18: 43 | AE18: 16 | AF18: =AE18*11/60 -> 2.9333333
A19: Загрузка шаров мельниц | C19: Ø, мм | D19: тн | F19: Примечание | I19: Ситовый анализ 06.01.26 см 1 | M19: Влага руды, % | P19: 4.9 | R19: 4.8 | S19: 4.2 | T19: 5 | U19: =(U17-U20)/U17*100 -> 4.668903 | X19: 0.5 | AA19: - | AC19: №4 | AD19: 34 | AE19: 17 | AF19: =AE19*11/60 -> 3.1166667
A20: №1 | C20: 70 | D20: 0.2 | F20: новые | K20: % | M20: Итого СМТ по весам за смену | P20: =(P17-(P17*P19/100)) -> 259.623 | R20: =(R17-(R17*R19/100)) -> 491.2063 | S20: =(S17-(S17*S19/100)) -> 360.208 | T20: =(T17-(T17*T19/100)) -> 130.7675 | U20: =P20+Q20+R20+S20+T20 -> 1241.8048 | Y20: Исходная руда №1 | AA20: =100-Z20 -> 100 | AC20: №5 | AD20: 12 | AE20: 18 | AF20: =AE20*11/60 -> 3.3
A21: №2 | C21: 20 | D21: 0.2 | F21: новые | I21: ГЦ№1 | J21: 51 | M21: Итого СМТ замер за смену | P21: =(U17-(U17*U19/100)) -> 1241.8048 | Y21: Исходная руда №3 | Z21: 1.1 | AA21: =100-Z21 -> 98.9 | AE21: 19 | AF21: =AE21*11/60 -> 3.4833333
A22: №3 | C22: 70 | D22: 0.2 | F22: новые | I22: 100 | J22: =I22-J21 -> 49 | K22: =J22/I22*100 -> 49 | Y22: Исходная руда №4 | Z22: 2.7 | AA22: =100-Z22 -> 97.3 | AB22: 0.625 | AC22: №1 | AD22: 37 | AE22: 20 | AF22: =AE22*11/60 -> 3.6666667
A23: №4 | C23: 70 | D23: 0.2 | F23: новые | I23: ГЦ№2 | J23: 30 | M23: Итого за сутки: | Y23: Исходная руда №5 | Z23: 0.9 | AA23: =100-Z23 -> 99.1 | AC23: №3 | AD23: 38 | AE23: 21 | AF23: =AE23*11/60 -> 3.85
A24: №5 | C24: 70 | D24: 0.15 | F24: новые | I24: 100 | J24: =I24-J23 -> 70 | K24: =J24/I24*100 -> 70 | M24: Итого с начала месяца: | AA24: 98.43 | AC24: №4 | AD24: 31 | AE24: 22 | AF24: =AE24*11/60 -> 4.0333333
X25: 0.625 | AA25: - | AC25: №5 | AD25: 12 | AE25: 23 | AF25: =AE25*11/60 -> 4.2166667
Y26: Исходная руда №1 | Z26: 1.7 | AA26: =100-Z26 -> 98.3 | AE26: 24 | AF26: =AE26*11/60 -> 4.4
A27: Простой мельниц | C27: с | D27: до | F27: кол-во мин | H27: Причины простоя | Y27: Исходная руда №3 | Z27: 1.8 | AA27: =100-Z27 -> 98.2 | AB27: 0.70833333 | AC27: №1 | AD27: 42 | AE27: 25 | AF27: =AE27*11/60 -> 4.5833333
A28: №1 | C28: 0.37708333 | D28: 0.58333333 | F28: 4 часа 57 мин | H28: Остановили МШР по эл части - центровка привода. Питание остановили в 08:40. | Y28: Исходная руда №4 | Z28: 2.7 | AA28: =100-Z28 -> 97.3 | AC28: №3 | AD28: 44 | AE28: 26 | AF28: =AE28*11/60 -> 4.7666667
H29: С 13:00 МШР №4 ручной замер - сбой эл счетчика. | Y29: Исходная руда №5 | Z29: 1.4 | AA29: =100-Z29 -> 98.6 | AC29: №4 | AD29: 32 | AE29: 27 | AF29: =AE29*11/60 -> 4.95
A30: №2 | C30: 0.59027778 | D30: 0.63472222 | F30: 1 час 04 мин | H30: Остановили МШЦ по мех части - сварочные работы на течке, подтяжка болтов на бутаре. | AA30: =(AA26+AA27+AA28+AA29)/4 -> 98.1 | AC30: №5 | AD30: 13 | AE30: 28 | AF30: =AE30*11/60 -> 5.1333333
H31: С 17:00 МШР №1 ручной замер - сбой эл счетчика. | X31: 0.70833333 | AA31: - | AE31: 29 | AF31: =AE31*11/60 -> 5.3166667
H32: С 19:00 МШР №3 ручной замер - сбой эл счетчика. | Y32: Исходная руда №1 | Z32: 0.8 | AA32: =100-Z32 -> 99.2 | AB32: 0.79166667 | AC32: №1 | AD32: 42 | AE32: 30 | AF32: =AE32*11/60 -> 5.5
Y33: Исходная руда №3 | Z33: 3.3 | AA33: =100-Z33 -> 96.7 | AC33: №3 | AD33: 42 | AE33: 31 | AF33: =AE33*11/60 -> 5.6833333
Y34: Исходная руда №4 | Z34: 2.4 | AA34: =100-Z34 -> 97.6 | AC34: №4 | AD34: 31 | AE34: 32 | AF34: =AE34*11/60 -> 5.8666667
Y35: Исходная руда №5 | Z35: 0.4 | AA35: =100-Z35 -> 99.6 | AC35: №5 | AD35: 13 | AE35: 33 | AF35: =AE35*11/60 -> 6.05
AA36: =(AA32+AA33+AA34+AA35)/4 -> 98.275 | AE36: 34 | AF36: =AE36*11/60 -> 6.2333333
AE37: 35 | AF37: =AE37*11/60 -> 6.4166667
AE38: 36 | AF38: =AE38*11/60 -> 6.6
AE39: 37 | AF39: =AE39*11/60 -> 6.7833333
A40: Остаток МКР на начало смены | D40: 53 | AE40: 38 | AF40: =AE40*11/60 -> 6.9666667
A41: Выпуск МКР за смену | D41: =V17 -> 31 | H41: Время | J41: 0.375 | K41: 0.45833333 | M41: 0.54166667 | N41: 15:00 | O41: 17:00 | P41: 19:00 | Q41: ср.значение | AE41: 39 | AF41: =AE41*11/60 -> 7.15
A42: Отгружено МКР за смену | D42: 52 | H42: рН слива ГЦ-1 | J42: 9.22 | K42: 10.22 | M42: 10.12 | N42: 9.45 | O42: 10.01 | P42: 9.59 | Q42: =AVERAGE(J42:P43) -> 9.7683333 | AE42: 40 | AF42: =AE42*11/60 -> 7.3333333
A43: Количество автомашин | D43: 3 | R43: Старший контролер ОТК: Хамзина Л. | AE43: 41 | AF43: =AE43*11/60 -> 7.5166667
A44: Остаток МКР на конец смены | D44: =D40+D41-D42 -> 32 | R44: Контролер ОТК: Навроцкая Т. | AE44: 42 | AF44: =AE44*11/60 -> 7.7
AE45: 45 | AF45: =AE45*11/60 -> 8.25
AE46: 46 | AF46: =AE46*11/60 -> 8.4333333
AE47: 47 | AF47: =AE47*11/60 -> 8.6166667
AE48: 48 | AF48: =AE48*11/60 -> 8.8
AE49: 49 | AF49: =AE49*11/60 -> 8.9833333
AE50: 50 | AF50: =AE50*11/60 -> 9.1666667
AE51: 51 | AF51: =AE51*11/60 -> 9.35
AE52: 52 | AF52: =AE52*11/60 -> 9.5333333
AE53: 53 | AF53: =AE53*11/60 -> 9.7166667
AE54: 54 | AF54: =AE54*11/60 -> 9.9
AE55: 55 | AF55: =AE55*11/60 -> 10.083333
AE56: 56 | AF56: =AE56*11/60 -> 10.266667
... AE60: 60 | AF60: =AE60*11/60 -> 11

Sheet 07.01.26см1
A1: Дата | B1: 07.01.2026 | F1: Смена | G1: 1 | AE1: Мельница №5
B2: Плотность, % | N2: Ситовой анализ, % -74мкм | P2: Производительность мельниц, тн/ч | U2: все мельницы | V2: Выпуск МКР | W2: Время | X2: на начало смены | Y2: на конец смены | Z2: переработка по счетчику | AA2: № | AB2: Переработка Ручной замер | AE2: мин | AF2: тонн
A3: Время | B3: Слив мельниц | G3: Слив гидроциклона | I3: Сгуститель | K3: Классификатор | N3: Гидроциклон | AA3: МШР | AE3: 1 | AF3: =AE3*38/60 -> 0.63333333
B4: 1 | C4: 2 | D4: 3 | E4: 4 | F4: 5 | G4: 1ст | H4: 2ст | I4: 1 | J4: 2 | K4: 1 | L4: 3 | M4: 5 | N4: 1ст | O4: 2ст | P4: 1 | Q4: 2 | R4: 3 | S4: 4 | T4: 5 | AB4: Время | AC4: Мельница | AD4: Ручной | AE4: 2 | AF4: =AE4*38/60 -> 1.2666667
A5: 21 | P5: 37.1 | Q5: 0 | R5: 42.4 | S5: 26.5 | T5: 11.9 | U5: =SUM(P5:T5) -> 117.9 | W5: 21 | X5: ='06.01.26см2'!Y5 -> 515586 | Y5: =X5+P17 -> 516005.2 | Z5: =Y5-X5 -> 419.2 | AA5: 1 | AE5: 3 | AF5: =AE5*38/60 -> 1.9
A6: 22 | P6: 37.2 | Q6: 0 | R6: 43.681 | S6: 25 | T6: 11.89 | U6: =SUM(P6:T6) -> 117.771 | V6: 3 | W6: 22 | X6: ='06.01.26см2'!Y6 -> 812991.76 | Y6: =X6+R17 -> 813415.77 | Z6: =Y6-X6 -> 424.006 | AA6: 3 | AE6: 4 | AF6: =AE6*38/60 -> 2.5333333
A7: 23 | P7: 42 | Q7: 0 | R7: 43 | S7: 30 | T7: 12.78 | U7: =SUM(P7:T7) -> 127.78 | V7: 5 | W7: 23 | X7: ='06.01.26см2'!Y7 -> 506303 | Y7: =X7+S17 -> 506603 | Z7: =Y7-X7 -> 300 | AA7: 4 | AB7: 0.875 | AC7: №1 | AD7: 42 | AE7: 5 | AF7: =AE7*38/60 -> 3.1666667
A8: 24 | B8: 70 | C8: 61 | D8: 70 | E8: 68 | F8: 68 | G8: 46 | H8: 39 | K8: 58 | L8: 55 | M8: 52 | N8: 51 | O8: 68 | P8: 41 | Q8: 0 | R8: 42 | S8: 31 | T8: 11.51 | U8: =SUM(P8:T8) -> 125.51 | V8: 2 | W8: 24 | X8: ='06.01.26см2'!Y8 -> 1712.66 | Y8: =X8+T17 -> 1844.04 | Z8: =T17 -> 131.38 | AA8: 5 | AC8: №3 | AD8: 46 | AE8: 6 | AF8: =AE8*38/60 -> 3.8
A9: 1 | P9: 42 | Q9: 0 | R9: 41 | S9: 30 | T9: 9.56 | U9: =SUM(P9:T9) -> 122.56 | V9: 1 | W9: 1 | X9: Итого производ - ность за смену | Z9: =SUM(Z5:Z8) -> 1274.586 | AC9: №4 | AD9: 30 | AE9: 7 | AF9: =AE9*38/60 -> 4.4333333
A10: 2 | P10: 31.5 | Q10: 0 | R10: 27 | S10: 22.5 | T10: 8.1 | U10: =SUM(P10:T10) -> 89.1 | V10: 1 | W10: 2 | AC10: №5 | AD10: 13 | AE10: 8 | AF10: =AE10*38/60 -> 5.0666667
A11: 3 | P11: 29.4 | Q11: 0 | R11: 29.4 | S11: 21 | T11: 8.4 | U11: =SUM(P11:T11) -> 88.2 | V11: 3 | W11: 3 | X11: Руда с конвейера Сито 12 мм | AE11: 9 | AF11: =AE11*38/60 -> 5.7
A12: 4 | P12: 37 | Q12: 0 | R12: 30.62 | S12: 25 | T12: 12.61 | U12: =SUM(P12:T12) -> 105.23 | V12: 3 | W12: 4 | AB12: 0.95833333 | AC12: №1 | AD12: 42 | AE12: 10 | AF12: =AE12*38/60 -> 6.3333333
A13: 5 | B13: 65 | C13: 56 | D13: 67 | E13: 55 | F13: 53 | G13: 37 | H13: 28 | I13: 44 | K13: 50 | L13: 54 | M13: 46 | N13: 55 | O13: 81 | P13: 24 | Q13: 0 | R13: 23.744 | S13: 20 | T13: 12.37 | U13: =SUM(P13:T13) -> 80.114 | V13: 3 | W13: 5 | X13: Время | Y13: Мельница | Z13: + | AA13: - | AC13: №3 | AD13: 43 | AE13: 11 | AF13: =AE13*38/60 -> 6.9666667
A14: 6 | P14: 22.6 | Q14: 0 | R14: 24 | S14: 21 | T14: 13.91 | U14: =SUM(P14:T14) -> 81.51 | V14: 3 | W14: 6 | X14: 0.91666667 | Y14: Исходная руда №1 | Z14: 4.9 | AA14: =100-Z14 -> 95.1 | AC14: №4 | AD14: 30 | AE14: 12 | AF14: =AE14*38/60 -> 7.6
A15: 7 | P15: 38.2 | Q15: 0 | R15: 38.821 | S15: 28 | T15: 9 | U15: =SUM(P15:T15) -> 114.021 | V15: 3 | W15: 7 | Y15: Исходная руда №3 | Z15: 3.3 | AA15: =100-Z15 -> 96.7 | AC15: №5 | AD15: 11 | AE15: 13 | AF15: =AE15*38/60 -> 8.2333333
A16: 8 | P16: 37.2 | Q16: 0 | R16: 38.34 | S16: 20 | T16: 9.35 | U16: =SUM(P16:T16) -> 104.89 | V16: 4 | W16: 8 | Y16: Исходная руда №4 | Z16: 2.6 | AA16: =100-Z16 -> 97.4 | AE16: 14 | AF16: =AE16*38/60 -> 8.8666667
A17: среднее | B17: =AVERAGE(B5:B15) -> 67.5 | C17: =AVERAGE(C5:C16) -> 58.5 | D17: =AVERAGE(D5:D15) -> 68.5 | E17: =AVERAGE(E5:E15) -> 61.5 | F17: =AVERAGE(F5:F15) -> 60.5 | G17: =AVERAGE(G5:G16) -> 41.5 | H17: =AVERAGE(H5:H16) -> 33.5 | I17: =AVERAGE(I5:I15) -> 44 | J17: =AVERAGE(J5:J15) -> #DIV/0! | K17: =AVERAGE(K5:K15) -> 54 | L17: =AVERAGE(L5:L15) -> 54.5 | M17: =AVERAGE(M5:M15) -> 49 | N17: =AVERAGE(N5:N15) -> 53 | O17: =AVERAGE(O5:O16) -> 74.5 | P17: =SUM(P5:P16) -> 419.2 | Q17: =SUM(Q5:Q16) -> 0 | R17: =SUM(R5:R16) -> 424.006 | S17: =SUM(S5:S16) -> 300 | T17: =SUM(T5:T16) -> 131.38 | U17: =SUM(P17:T17) -> 1274.586 | V17: =SUM(V5:V16) -> 31 | Y17: Исходная руда №5 | Z17: 2.4 | AA17: =100-Z17 -> 97.6 | AB17: 0.041666667 | AC17: №1 | AD17: 42 | AE17: 15 | AF17: =AE17*38/60 -> 9.5
AA18: =(AA14+AA16+AA17)/3 -> 96.7 | AC18: №3 | AD18: 41 | AE18: 16 | AF18: =AE18*38/60 -> 10.133333
A19: Загрузка шаров мельниц | C19: Ø, мм | D19: тн | F19: Примечание | I19: Ситовый анализ 06.01.26 см 2 | M19: Влага руды, % | P19: 7.2 | R19: 6.8 | S19: 4.5 | T19: 3.8 | U19: =(U17-U20)/U17*100 -> 6.0809744 | X19: 0.041666667 | AA19: - | AC19: №4 | AD19: 30 | AE19: 17 | AF19: =AE19*38/60 -> 10.766667
K20: % | M20: Итого СМТ по весам за смену | P20: =(P17-(P17*P19/100)) -> 389.0176 | R20: =(R17-(R17*R19/100)) -> 395.17359 | S20: =(S17-(S17*S19/100)) -> 286.5 | T20: =(T17-(T17*T19/100)) -> 126.38756 | U20: =P20+Q20+R20+S20+T20 -> 1197.0788 | Y20: Исходная руда №1 | Z20: 2 | AA20: =100-Z20 -> 98 | AC20: №5 | AD20: 10 | AE20: 18 | AF20: =AE20*38/60 -> 11.4
I21: ГЦ№1 | J21: 45 | M21: Итого СМТ замер за смену | P21: =(U17-(U17*U19/100)) -> 1197.0788 | Y21: Исходная руда №3 | Z21: 1.4 | AA21: =100-Z21 -> 98.6 | AE21: 19 | AF21: =AE21*38/60 -> 12.033333
I22: 100 | J22: =I22-J21 -> 55 | K22: =J22/I22*100 -> 55 | Y22: Исходная руда №4 | Z22: 1.6 | AA22: =100-Z22 -> 98.4 | AB22: 0.125 | AC22: №1 | AD22: 43 | AE22: 20 | AF22: =AE22*38/60 -> 12.666667
I23: ГЦ№2 | J23: 29 | M23: Итого за сутки: | Y23: Исходная руда №5 | Z23: 1.9 | AA23: =100-Z23 -> 98.1 | AC23: №3 | AD23: 43 | AE23: 21 | AF23: =AE23*38/60 -> 13.3
I24: 100 | J24: =I24-J23 -> 71 | K24: =J24/I24*100 -> 71 | M24: Итого с начала месяца: | AA24: =(AA20+AA22+AA23)/3 -> 98.166667 | AC24: №4 | AD24: 29 | AE24: 22 | AF24: =AE24*38/60 -> 13.933333
X25: 0.125 | AA25: - | AC25: №5 | AD25: 10 | AE25: 23 | AF25: =AE25*38/60 -> 14.566667
Y26: Исходная руда №1 | Z26: 4.4 | AA26: =100-Z26 -> 95.6 | AE26: 24 | AF26: =AE26*38/60 -> 15.2
A27: Простой мельниц | C27: с | D27: до | F27: кол-во мин | H27: Причины простоя | Y27: Исходная руда №3 | Z27: 4.8 | AA27: =100-Z27 -> 95.2 | AB27: 0.20833333 | AC27: №1 | AD27: 38 | AE27: 25 | AF27: =AE27*38/60 -> 15.833333
H28: МШР №1,№3,№4 ручной замер - сбой эл счетчика. | Y28: Исходная руда №4 | Z28: 3.2 | AA28: =100-Z28 -> 96.8 | AC28: №3 | AD28: 37 | AE28: 26 | AF28: =AE28*38/60 -> 16.466667
H29: В 20:00 - 20:07 шуровка бункеров МШР №1,3,4 7мин | Y29: Исходная руда №5 | Z29: 2.4 | AA29: =100-Z29 -> 97.6 | AC29: №4 | AD29: 28 | AE29: 27 | AF29: =AE29*38/60 -> 17.1
H30: С 1:00 - 6:00 в течение часа шуровка всех бункеров 15мин. 18мин. 11мин.20мин.20мин | AA30: =(AA26+AA28+AA29)/3 -> 96.666667 | AC30: №5 | AD30: 9 | AE30: 28 | AF30: =AE30*38/60 -> 17.733333
H31: С 03:00 МШР №5 ручной замер - сбой эл счетчика. | X31: 0.20833333 | AA31: - | AE31: 29 | AF31: =AE31*38/60 -> 18.366667
H32: С 07:00 - 08:00 в течении часа шуровка бункера МШР №4. | Y32: Исходная руда №1 | Z32: 2.4 | AA32: =100-Z32 -> 97.6 | AB32: 0.29166667 | AC32: №1 | AD32: 37 | AE32: 30 | AF32: =AE32*38/60 -> 19
Y33: Исходная руда №3 | Z33: 1.1 | AA33: =100-Z33 -> 98.9 | AC33: №3 | AD33: 37 | AE33: 31 | AF33: =AE33*38/60 -> 19.633333
Y34: Исходная руда №4 | Z34: 2.5 | AA34: =100-Z34 -> 97.5 | AC34: №4 | AD34: 28 | AE34: 32 | AF34: =AE34*38/60 -> 20.266667
Y35: Исходная руда №5 | Z35: 0.9 | AA35: =100-Z35 -> 99.1 | AC35: №5 | AD35: 9 | AE35: 33 | AF35: =AE35*38/60 -> 20.9
AA36: =(AA32+AA34+AA35)/3 -> 98.066667 | AE36: 34 | AF36: =AE36*38/60 -> 21.533333
AE37: 35 | AF37: =AE37*38/60 -> 22.166667
AE38: 36 | AF38: =AE38*38/60 -> 22.8
AE39: 37 | AF39: =AE39*38/60 -> 23.433333
A40: Остаток МКР на начало смены | D40: 32 | AE40: 38 | AF40: =AE40*38/60 -> 24.066667
A41: Выпуск МКР за смену | D41: =V17 -> 31 | H41: Время | J41: 0.875 | K41: 0.95833333 | M41: 0.041666667 | N41: 03:00 | O41: 05:00 | P41: 07:00 | Q41: ср.значение | AE41: 39 | AF41: =AE41*38/60 -> 24.7
A42: Отгружено МКР за смену | H42: рН слива ГЦ-1 | J42: 9.55 | K42: 9.23 | M42: 9.44 | N42: 9.91 | O42: 10.26 | P42: 10.34 | Q42: =AVERAGE(J42:P43) -> 9.7883333 | AE42: 40 | AF42: =AE42*38/60 -> 25.333333
A43: Количество автомашин | R43: Старший контролер ОТК: Тусупбаева А. | AE43: 41 | AF43: =AE43*38/60 -> 25.966667
A44: Остаток МКР на конец смены | D44: =D40+D41-D42 -> 63 | R44: Контролер ОТК: Макулбеков Б. | AE44: 42 | AF44: =AE44*38/60 -> 26.6
AE45: 45 | AF45: =AE45*38/60 -> 28.5
AE46: 46 | AF46: =AE46*38/60 -> 29.133333
AE47: 47 | AF47: =AE47*38/60 -> 29.766667
AE48: 48 | AF48: =AE48*38/60 -> 30.4
AE49: 49 | AF49: =AE49*38/60 -> 31.033333
AE50: 50 | AF50: =AE50*38/60 -> 31.666667
AE51: 51 | AF51: =AE51*38/60 -> 32.3
AE52: 52 | AF52: =AE52*38/60 -> 32.933333
AE53: 53 | AF53: =AE53*38/60 -> 33.566667
AE54: 54 | AF54: =AE54*38/60 -> 34.2
AE55: 55 | AF55: =AE55*38/60 -> 34.833333
AE56: 56 | AF56: =AE56*38/60 -> 35.466667
... AE60: 60 | AF60: =AE60*38/60 -> 38

Sheet 07.01.26см2
A1: Дата | B1: 07.01.2026 | F1: Смена | G1: 2 | AE1: Мельница №5
B2: Плотность, % | N2: Ситовой анализ, % -74мкм | P2: Производительность мельниц, тн/ч | U2: все мельницы | V2: Выпуск МКР | W2: Время | X2: на начало смены | Y2: на конец смены | Z2: переработка по счетчику | AA2: № | AB2: Переработка Ручной замер | AE2: мин | AF2: тонн
A3: Время | B3: Слив мельниц | G3: Слив гидроциклона | I3: Сгуститель | K3: Классификатор | N3: Гидроциклон | AA3: МШР | AE3: 1 | AF3: =AE3*11/60 -> 0.18333333
B4: 1 | C4: 2 | D4: 3 | E4: 4 | F4: 5 | G4: 1ст | H4: 2ст | I4: 1 | J4: 2 | K4: 1 | L4: 3 | M4: 5 | N4: 1ст | O4: 2ст | P4: 1 | Q4: 2 | R4: 3 | S4: 4 | T4: 5 | AB4: Время | AC4: Мельница | AD4: Ручной | AE4: 2 | AF4: =AE4*11/60 -> 0.36666667
A5: 9 | P5: 12.3 | Q5: 0 | R5: 24.961 | S5: 12 | T5: 2.74 | U5: =SUM(P5:T5) -> 52.001 | W5: 9 | X5: 515946.2 | Y5: =X5+P17 -> 516252.4 | Z5: =Y5-X5 -> 306.2 | AA5: 1 | AE5: 3 | AF5: =AE5*11/60 -> 0.55
A6: 10 | P6: 8.9 | Q6: 0 | R6: 28.519 | S6: 18 | T6: 0 | U6: =SUM(P6:T6) -> 55.419 | V6: 1 | W6: 10 | X6: 813422.01 | Y6: =X6+R17 -> 813695.36 | Z6: =Y6-X6 -> 273.345 | AA6: 3 | AE6: 4 | AF6: =AE6*11/60 -> 0.73333333
A7: 11 | B7: 27 | C7: 44 | D7: 73 | E7: 29 | G7: 33 | H7: 22 | I7: 35 | K7: 15 | L7: 58 | N7: 58 | O7: 83 | P7: 7.7 | Q7: 0 | R7: 43.156 | S7: 7 | T7: 0 | U7: =SUM(P7:T7) -> 57.856 | V7: 2 | W7: 11 | X7: 506424 | Y7: =X7+S17 -> 506726.5 | Z7: =Y7-X7 -> 302.5 | AA7: 4 | AB7: 0.375 | AC7: №1 | AE7: 5 | AF7: =AE7*11/60 -> 0.91666667
A8: 12 | P8: 12.9 | Q8: 0 | R8: 42.668 | S8: 31 | T8: 0 | U8: =SUM(P8:T8) -> 86.568 | V8: 3 | W8: 12 | X8: 1853.97 | Y8: =X8+T17 -> 1912.56 | Z8: =T17 -> 58.59 | AA8: 5 | AC8: №3 | AE8: 6 | AF8: =AE8*11/60 -> 1.1
A9: 13 | P9: 21.4 | Q9: 0 | R9: 48.479 | S9: 35 | T9: 4.19 | U9: =SUM(P9:T9) -> 109.069 | V9: 2 | W9: 13 | X9: Итого производ - ность за смену | Z9: =SUM(Z5:Z8) -> 940.635 | AC9: №4 | AE9: 7 | AF9: =AE9*11/60 -> 1.2833333
A10: 14 | F10: 59 | M10: 44 | P10: 41.5 | Q10: 0 | R10: 49.034 | S10: 34 | T10: 7.95 | U10: =SUM(P10:T10) -> 132.484 | V10: 4 | W10: 14 | AC10: №5 | AE10: 8 | AF10: =AE10*11/60 -> 1.4666667
A11: 15 | P11: 36.5 | Q11: 0 | R11: 19.269 | S11: 36 | T11: 9.11 | U11: =SUM(P11:T11) -> 100.879 | V11: 4 | W11: 15 | X11: Руда с конвейера Сито 12 мм | AE11: 9 | AF11: =AE11*11/60 -> 1.65
A12: 16 | P12: 37.3 | Q12: 0 | R12: 17.259 | S12: 36 | T12: 5.9 | U12: =SUM(P12:T12) -> 96.459 | V12: 4 | W12: 16 | AB12: 0.45833333 | AC12: №1 | AD12: 42 | AE12: 10 | AF12: =AE12*11/60 -> 1.8333333
A13: 17 | B13: 65 | C13: 49 | E13: 62 | F13: 40 | G13: 40 | H13: 31 | I13: 40 | K13: 45 | M13: 39 | N13: 54 | O13: 72 | P13: 35.1 | Q13: 0 | R13: 0 | S13: 32 | T13: 7.2 | U13: =SUM(P13:T13) -> 74.3 | V13: 3 | W13: 17 | X13: Время | Y13: Мельница | Z13: + | AA13: - | AC13: №3 | AD13: 41 | AE13: 11 | AF13: =AE13*11/60 -> 2.0166667
A14: 18 | P14: 40.6 | Q14: 0 | R14: 0 | S14: 37 | T14: 8.21 | U14: =SUM(P14:T14) -> 85.81 | V14: 4 | W14: 18 | X14: 0.41666667 | Y14: Исходная руда №1 | Z14: 4.6 | AA14: =100-Z14 -> 95.4 | AC14: №4 | AD14: 26 | AE14: 12 | AF14: =AE14*11/60 -> 2.2
A15: 19 | P15: 19 | Q15: 0 | R15: 0 | S15: 15 | T15: 4.29 | U15: =SUM(P15:T15) -> 38.29 | V15: 5 | W15: 19 | Y15: Исходная руда №3 | Z15: 6.5 | AA15: =100-Z15 -> 93.5 | AC15: №5 | AE15: 13 | AF15: =AE15*11/60 -> 2.3833333
A16: 20 | P16: 33 | Q16: 0 | R16: 0 | S16: 9.5 | T16: 9 | U16: =SUM(P16:T16) -> 51.5 | V16: 3 | W16: 20 | Y16: Исходная руда №4 | Z16: 8.8 | AA16: =100-Z16 -> 91.2 | AE16: 14 | AF16: =AE16*11/60 -> 2.5666667
A17: среднее | B17: =AVERAGE(B5:B15) -> 46 | C17: =AVERAGE(C5:C16) -> 46.5 | D17: =AVERAGE(D5:D15) -> 73 | E17: =AVERAGE(E5:E15) -> 45.5 | F17: =AVERAGE(F5:F15) -> 49.5 | G17: =AVERAGE(G5:G16) -> 36.5 | H17: =AVERAGE(H5:H16) -> 26.5 | I17: =AVERAGE(I5:I15) -> 37.5 | J17: =AVERAGE(J5:J15) -> #DIV/0! | K17: =AVERAGE(K5:K15) -> 30 | L17: =AVERAGE(L5:L15) -> 58 | M17: =AVERAGE(M5:M15) -> 41.5 | N17: =AVERAGE(N5:N15) -> 56 | O17: =AVERAGE(O5:O16) -> 77.5 | P17: =SUM(P5:P16) -> 306.2 | Q17: =SUM(Q5:Q16) -> 0 | R17: =SUM(R5:R16) -> 273.345 | S17: =SUM(S5:S16) -> 302.5 | T17: =SUM(T5:T16) -> 58.59 | U17: =SUM(P17:T17) -> 940.635 | V17: =SUM(V5:V16) -> 35 | Y17: Исходная руда №5 | AA17: =100-Z17 -> 100 | AB17: 0.54166667 | AC17: №1 | AD17: 40 | AE17: 15 | AF17: =AE17*11/60 -> 2.75
AA18: 93.37 | AC18: №3 | AD18: 44 | AE18: 16 | AF18: =AE18*11/60 -> 2.9333333
A19: Загрузка шаров мельниц | C19: Ø, мм | D19: тн | F19: Примечание | I19: Ситовый анализ 07.01.26 см 1 | M19: Влага руды, % | P19: 5.2 | R19: 5.6 | S19: 3.4 | T19: 5.1 | U19: =(U17-U20)/U17*100 -> 4.7311454 | X19: 0.5 | AA19: - | AC19: №4 | AD19: 32 | AE19: 17 | AF19: =AE19*11/60 -> 3.1166667
A20: №1 | C20: 70 | D20: 0.2 | F20: новые | K20: % | M20: Итого СМТ по весам за смену | P20: =(P17-(P17*P19/100)) -> 290.2776 | R20: =(R17-(R17*R19/100)) -> 258.03768 | S20: =(S17-(S17*S19/100)) -> 292.215 | T20: =(T17-(T17*T19/100)) -> 55.60191 | U20: =P20+Q20+R20+S20+T20 -> 896.13219 | Y20: Исходная руда №1 | AA20: =100-Z20 -> 100 | AC20: №5 | AD20: 9 | AE20: 18 | AF20: =AE20*11/60 -> 3.3
A21: №2 | C21: 20 | D21: 0.2 | F21: новые | I21: ГЦ№1 | J21: 45 | M21: Итого СМТ замер за смену | P21: =(U17-(U17*U19/100)) -> 896.13219 | Y21: Исходная руда №3 | Z21: 3.3 | AA21: =100-Z21 -> 96.7 | AE21: 19 | AF21: =AE21*11/60 -> 3.4833333
A22: №3 | C22: 70 | D22: 0.2 | F22: новые | I22: 100 | J22: =I22-J21 -> 55 | K22: =J22/I22*100 -> 55 | Y22: Исходная руда №4 | Z22: 4.1 | AA22: =100-Z22 -> 95.9 | AB22: 0.625 | AC22: №1 | AD22: 43 | AE22: 20 | AF22: =AE22*11/60 -> 3.6666667
A23: №4 | C23: 70 | D23: 0.2 | F23: новые | I23: ГЦ№2 | J23: 25 | M23: Итого за сутки: | Y23: Исходная руда №5 | AA23: =100-Z23 -> 100 | AC23: №3 | AD23: 43 | AE23: 21 | AF23: =AE23*11/60 -> 3.85
I24: 100 | J24: =I24-J23 -> 75 | K24: =J24/I24*100 -> 75 | M24: Итого с начала месяца: | AA24: 96.3 | AC24: №4 | AD24: 33 | AE24: 22 | AF24: =AE24*11/60 -> 4.0333333
X25: 0.625 | AA25: - | AC25: №5 | AD25: 11 | AE25: 23 | AF25: =AE25*11/60 -> 4.2166667
Y26: Исходная руда №1 | Z26: 2.3 | AA26: =100-Z26 -> 97.7 | AE26: 24 | AF26: =AE26*11/60 -> 4.4
A27: Простой мельниц | C27: с | D27: до | F27: кол-во мин | H27: Причины простоя | Y27: Исходная руда №3 | Z27: 8 | AA27: =100-Z27 -> 92 | AB27: 0.70833333 | AC27: №1 | AD27: 39 | AE27: 25 | AF27: =AE27*11/60 -> 4.5833333
H28: МШР №4 ручной замер - сбой эл счетчика. Калибровка эл счетчика. С 12:00 Q по счетчику. | Y28: Исходная руда №4 | Z28: 6.6 | AA28: =100-Z28 -> 93.4 | AC28: №3 | AE28: 26 | AF28: =AE28*11/60 -> 4.7666667
A29: №5 | C29: 0.35416667 | D29: 0.52013889 | F29: 3 часа 59 мин | H29: Остановили МШР - ППР. Питание остановили в 08:20. В 10:30 закончили по мех части. | Y29: Исходная руда №5 | Z29: 2.1 | AA29: =100-Z29 -> 97.9 | AC29: №4 | AD29: 30 | AE29: 27 | AF29: =AE29*11/60 -> 4.95
H30: С 08:00 - 10:00 шуровка бункеров всех мельниц. | AA30: =(AA26+AA27+AA28+AA29)/4 -> 95.25 | AC30: №5 | AD30: 9 | AE30: 28 | AF30: =AE30*11/60 -> 5.1333333
H31: С 10:00 - 11:00 шуровка бункера МШР №1, МШР №4. | X31: 0.70833333 | AA31: - | AE31: 29 | AF31: =AE31*11/60 -> 5.3166667
H32: В 12:26 - 12:42 шуровка бункера МШР №1.16мин | Y32: Исходная руда №1 | Z32: 0.8 | AA32: =100-Z32 -> 99.2 | AB32: 0.79166667 | AC32: №1 | AD32: 38 | AE32: 30 | AF32: =AE32*11/60 -> 5.5
H33: С 14:00 - 15:00 шуровка бункеров всех мельниц. | Y33: Исходная руда №3 | AA33: =100-Z33 -> 100 | AC33: №3 | AE33: 31 | AF33: =AE33*11/60 -> 5.6833333
A34: №3 | C34: 0.64513889 | D34: 0.83333333 | F34: 4 часа 31 мин | H34: Остановили МШР - ППР. Питание остановили в 15:20 | Y34: Исходная руда №4 | Z34: 5.7 | AA34: =100-Z34 -> 94.3 | AC34: №4 | AD34: 32 | AE34: 32 | AF34: =AE34*11/60 -> 5.8666667
A35: №2 | C35: 0.74236111 | D35: 0.83333333 | F35: 2 часа 11 мин | H35: Самопроизвольная остановка МШЦ по эл части - замена обратного, распределительного клапана. | Y35: Исходная руда №5 | Z35: 2.7 | AA35: =100-Z35 -> 97.3 | AC35: №5 | AE35: 33 | AF35: =AE35*11/60 -> 6.05
A36: №4 | C36: 0.78125 | D36: 0.82013889 | F36: 56 мин | H36: Остановка МШР - обрыв конвейерной ленты №18. | AA36: 96.93 | AE36: 34 | AF36: =AE36*11/60 -> 6.2333333
H37: С 18:00 - 19:00 в течении часа шуровка бункера МШР №1, МШР №5. | AE37: 35 | AF37: =AE37*11/60 -> 6.4166667
AE38: 36 | AF38: =AE38*11/60 -> 6.6
AE39: 37 | AF39: =AE39*11/60 -> 6.7833333
A40: Остаток МКР на начало смены | D40: 63 | AE40: 38 | AF40: =AE40*11/60 -> 6.9666667
A41: Выпуск МКР за смену | D41: =V17 -> 35 | H41: Время | J41: 0.375 | K41: 0.45833333 | M41: 0.54166667 | N41: 15:00 | O41: 17:00 | P41: 19:00 | Q41: ср.значение | AE41: 39 | AF41: =AE41*11/60 -> 7.15
A42: Отгружено МКР за смену | D42: 56 | H42: рН слива ГЦ-1 | J42: 9.41 | K42: 10.59 | M42: 9.14 | N42: 10.99 | O42: 9.99 | P42: 10.08 | Q42: =AVERAGE(J42:P43) -> 10.033333 | AE42: 40 | AF42: =AE42*11/60 -> 7.3333333
A43: Количество автомашин | D43: 3 | R43: Старший контролер ОТК: Хамзина Л. | AE43: 41 | AF43: =AE43*11/60 -> 7.5166667
A44: Остаток МКР на конец смены | D44: =D40+D41-D42 -> 42 | R44: Контролер ОТК: Навроцкая Т. | AE44: 42 | AF44: =AE44*11/60 -> 7.7
AE45: 45 | AF45: =AE45*11/60 -> 8.25
AE46: 46 | AF46: =AE46*11/60 -> 8.4333333
AE47: 47 | AF47: =AE47*11/60 -> 8.6166667
AE48: 48 | AF48: =AE48*11/60 -> 8.8
AE49: 49 | AF49: =AE49*11/60 -> 8.9833333
AE50: 50 | AF50: =AE50*11/60 -> 9.1666667
AE51: 51 | AF51: =AE51*11/60 -> 9.35
AE52: 52 | AF52: =AE52*11/60 -> 9.5333333
AE53: 53 | AF53: =AE53*11/60 -> 9.7166667
AE54: 54 | AF54: =AE54*11/60 -> 9.9
AE55: 55 | AF55: =AE55*11/60 -> 10.083333
AE56: 56 | AF56: =AE56*11/60 -> 10.266667
... AE60: 60 | AF60: =AE60*11/60 -> 11

Sheet 08.01.26см1
A1: Дата | B1: 08.01.2026 | F1: Смена | G1: 1 | AE1: Мельница №5
B2: Плотность, % | N2: Ситовой анализ, % -74мкм | P2: Производительность мельниц, тн/ч | U2: все мельницы | V2: Выпуск МКР | W2: Время | X2: на начало смены | Y2: на конец смены | Z2: переработка по счетчику | AA2: № | AB2: Переработка Ручной замер | AE2: мин | AF2: тонн
A3: Время | B3: Слив мельниц | G3: Слив гидроциклона | I3: Сгуститель | K3: Классификатор | N3: Гидроциклон | AA3: МШР | AE3: 1 | AF3: =AE3*40/60 -> 0.66666667
B4: 1 | C4: 2 | D4: 3 | E4: 4 | F4: 5 | G4: 1ст | H4: 2ст | I4: 1 | J4: 2 | K4: 1 | L4: 3 | M4: 5 | N4: 1ст | O4: 2ст | P4: 1 | Q4: 2 | R4: 3 | S4: 4 | T4: 5 | AB4: Время | AC4: Мельница | AD4: Ручной | AE4: 2 | AF4: =AE4*40/60 -> 1.3333333
A5: 21 | P5: 26.1 | Q5: 0 | R5: 0 | S5: 33 | T5: 8.82 | U5: =SUM(P5:T5) -> 67.92 | V5: 3 | W5: 21 | X5: 516251.8 | Y5: =X5+P17 -> 516731.9 | Z5: =Y5-X5 -> 480.1 | AA5: 1 | AE5: 3 | AF5: =AE5*40/60 -> 2
A6: 22 | P6: 36.9 | Q6: 0 | R6: 0 | S6: 29 | T6: 7.3 | U6: =SUM(P6:T6) -> 73.2 | V6: 3 | W6: 22 | X6: ='07.01.26см2'!Y6 -> 813695.36 | Y6: =X6+R17 -> 813939.34 | Z6: =Y6-X6 -> 243.984 | AA6: 3 | AE6: 4 | AF6: =AE6*40/60 -> 2.6666667
A7: 23 | P7: 45.6 | Q7: 0 | R7: 0 | S7: 37 | T7: 10.12 | U7: =SUM(P7:T7) -> 92.72 | V7: 3 | W7: 23 | X7: 506725 | Y7: =X7+S17 -> 507097 | Z7: =Y7-X7 -> 372 | AA7: 4 | AB7: 0.875 | AC7: №1 | AD7: 39 | AE7: 5 | AF7: =AE7*40/60 -> 3.3333333
A8: 24 | B8: 67 | C8: 51 | E8: 67 | F8: 60 | G8: 43 | H8: 29 | K8: 51 | M8: 44 | N8: 56 | O8: 74 | P8: 39.1 | Q8: 0 | R8: 0 | S8: 24 | T8: 8.14 | U8: =SUM(P8:T8) -> 71.24 | V8: 3 | W8: 24 | X8: 1916.23 | Y8: =X8+T17 -> 2021.71 | Z8: =T17 -> 105.48 | AA8: 5 | AC8: №3 | AE8: 6 | AF8: =AE8*40/60 -> 4
A9: 1 | P9: 41.2 | Q9: 0 | R9: 0 | S9: 24 | T9: 8.8 | U9: =SUM(P9:T9) -> 74 | V9: 1 | W9: 1 | X9: Итого производ - ность за смену | Z9: =SUM(Z5:Z8) -> 1201.564 | AC9: №4 | AD9: 32 | AE9: 7 | AF9: =AE9*40/60 -> 4.6666667
A10: 2 | P10: 37.2 | Q10: 0 | R10: 0 | S10: 35 | T10: 7.89 | U10: =SUM(P10:T10) -> 80.09 | V10: 4 | W10: 2 | AC10: №5 | AD10: 10 | AE10: 8 | AF10: =AE10*40/60 -> 5.3333333
A11: 3 | P11: 44 | Q11: 0 | R11: 32.106 | S11: 30 | T11: 7.53 | U11: =SUM(P11:T11) -> 113.636 | V11: 4 | W11: 3 | X11: Руда с конвейера Сито 12 мм | AE11: 9 | AF11: =AE11*40/60 -> 6
A12: 4 | P12: 43 | Q12: 0 | R12: 43.209 | S12: 31 | T12: 9.52 | U12: =SUM(P12:T12) -> 126.729 | V12: 3 | W12: 4 | AB12: 0.95833333 | AC12: №1 | AD12: 42 | AE12: 10 | AF12: =AE12*40/60 -> 6.6666667
A13: 5 | B13: 70 | C13: 62 | D13: 73 | E13: 68 | F13: 69 | G13: 44 | H13: 32 | K13: 58 | L13: 58 | M13: 52 | N13: 52 | O13: 71 | P13: 42 | Q13: 0 | R13: 39.269 | S13: 32 | T13: 10.7 | U13: =SUM(P13:T13) -> 123.969 | V13: 5 | W13: 5 | X13: Время | Y13: Мельница | Z13: + | AA13: - | AC13: №3 | AE13: 11 | AF13: =AE13*40/60 -> 7.3333333
A14: 6 | P14: 42 | Q14: 0 | R14: 40.033 | S14: 32 | T14: 9.62 | U14: =SUM(P14:T14) -> 123.653 | V14: 4 | W14: 6 | X14: 0.91666667 | Y14: Исходная руда №1 | Z14: 13.5 | AA14: =100-Z14 -> 86.5 | AC14: №4 | AD14: 32 | AE14: 12 | AF14: =AE14*40/60 -> 8
A15: 7 | P15: 42 | Q15: 0 | R15: 43.332 | S15: 32 | T15: 8.79 | U15: =SUM(P15:T15) -> 126.122 | V15: 3 | W15: 7 | Y15: Исходная руда №3 | AA15: =100-Z15 -> 100 | AC15: №5 | AD15: 11 | AE15: 13 | AF15: =AE15*40/60 -> 8.6666667
A16: 8 | P16: 41 | Q16: 0 | R16: 46.035 | S16: 33 | T16: 8.25 | U16: =SUM(P16:T16) -> 128.285 | V16: 5 | W16: 8 | Y16: Исходная руда №4 | Z16: 8.2 | AA16: =100-Z16 -> 91.8 | AE16: 14 | AF16: =AE16*40/60 -> 9.3333333
A17: среднее | B17: =AVERAGE(B5:B15) -> 68.5 | C17: =AVERAGE(C5:C16) -> 56.5 | D17: =AVERAGE(D5:D15) -> 73 | E17: =AVERAGE(E5:E15) -> 67.5 | F17: =AVERAGE(F5:F15) -> 64.5 | G17: =AVERAGE(G5:G16) -> 43.5 | H17: =AVERAGE(H5:H16) -> 30.5 | I17: =AVERAGE(I5:I15) -> #DIV/0! | J17: =AVERAGE(J5:J15) -> #DIV/0! | K17: =AVERAGE(K5:K15) -> 54.5 | L17: =AVERAGE(L5:L15) -> 58 | M17: =AVERAGE(M5:M15) -> 48 | N17: =AVERAGE(N5:N15) -> 54 | O17: =AVERAGE(O5:O16) -> 72.5 | P17: =SUM(P5:P16) -> 480.1 | Q17: =SUM(Q5:Q16) -> 0 | R17: =SUM(R5:R16) -> 243.984 | S17: =SUM(S5:S16) -> 372 | T17: =SUM(T5:T16) -> 105.48 | U17: =SUM(P17:T17) -> 1201.564 | V17: =SUM(V5:V16) -> 41 | Y17: Исходная руда №5 | Z17: 11.9 | AA17: =100-Z17 -> 88.1 | AB17: 0.041666667 | AC17: №1 | AD17: 40 | AE17: 15 | AF17: =AE17*40/60 -> 10
AA18: =(AA14+AA16+AA17)/3 -> 88.8 | AC18: №3 | AE18: 16 | AF18: =AE18*40/60 -> 10.666667
A19: Загрузка шаров мельниц | C19: Ø, мм | D19: тн | F19: Примечание | I19: Ситовый анализ 07.01.26 см 2 | M19: Влага руды, % | P19: 4.2 | R19: 5.2 | S19: 8.9 | T19: 5.9 | U19: =(U17-U20)/U17*100 -> 6.0073944 | X19: 0.041666667 | AA19: - | AC19: №4 | AD19: 30 | AE19: 17 | AF19: =AE19*40/60 -> 11.333333
K20: % | M20: Итого СМТ по весам за смену | P20: =(P17-(P17*P19/100)) -> 459.9358 | R20: =(R17-(R17*R19/100)) -> 231.29683 | S20: =(S17-(S17*S19/100)) -> 338.892 | T20: =(T17-(T17*T19/100)) -> 99.25668 | U20: =P20+Q20+R20+S20+T20 -> 1129.3813 | Y20: Исходная руда №1 | Z20: 7.6 | AA20: =100-Z20 -> 92.4 | AC20: №5 | AD20: 10 | AE20: 18 | AF20: =AE20*40/60 -> 12
I21: ГЦ№1 | J21: 45 | M21: Итого СМТ замер за смену | P21: =(U17-(U17*U19/100)) -> 1129.3813 | Y21: Исходная руда №3 | AA21: =100-Z21 -> 100 | AE21: 19 | AF21: =AE21*40/60 -> 12.666667
I22: 100 | J22: =I22-J21 -> 55 | K22: =J22/I22*100 -> 55 | Y22: Исходная руда №4 | Z22: 5.9 | AA22: =100-Z22 -> 94.1 | AB22: 0.125 | AC22: №1 | AD22: 44 | AE22: 20 | AF22: =AE22*40/60 -> 13.333333
I23: ГЦ№2 | J23: 22 | M23: Итого за сутки: | Y23: Исходная руда №5 | Z23: 2.8 | AA23: =100-Z23 -> 97.2 | AC23: №3 | AD23: 42 | AE23: 21 | AF23: =AE23*40/60 -> 14
I24: 100 | J24: =I24-J23 -> 78 | K24: =J24/I24*100 -> 78 | M24: Итого с начала месяца: | AA24: =(AA20+AA22+AA23)/3 -> 94.566667 | AC24: №4 | AD24: 32 | AE24: 22 | AF24: =AE24*40/60 -> 14.666667
X25: 0.125 | AA25: - | AC25: №5 | AD25: 10 | AE25: 23 | AF25: =AE25*40/60 -> 15.333333
Y26: Исходная руда №1 | Z26: 9.2 | AA26: =100-Z26 -> 90.8 | AE26: 24 | AF26: =AE26*40/60 -> 16
A27: Простой мельниц | C27: с | D27: до | F27: кол-во мин | H27: Причины простоя | Y27: Исходная руда №3 | Z27: 5.2 | AA27: =100-Z27 -> 94.8 | AB27: 0.20833333 | AC27: №1 | AD27: 42 | AE27: 25 | AF27: =AE27*40/60 -> 16.666667
A28: №2 | C28: 0.83333333 | D28: 0.83611111 | F28: 04мин | H28: Остановка МШЦ по эл части - замена обратного, распределительного клапана. | Y28: Исходная руда №4 | Z28: 6.2 | AA28: =100-Z28 -> 93.8 | AC28: №3 | AD28: 40 | AE28: 26 | AF28: =AE28*40/60 -> 17.333333
A29: №3 | C29: 0.83333333 | D29: 0.091666667 | F29: 6час 12мин | H29: Остановили МШР - ППР | Y29: Исходная руда №5 | Z29: 4.9 | AA29: =100-Z29 -> 95.1 | AC29: №4 | AD29: 32 | AE29: 27 | AF29: =AE29*40/60 -> 18
H30: В 20:35 - 20:45 остановка конвейерной ленты №15 МШР №1 установили заклепки 10мин | AA30: =(AA26+AA27+AA28+AA29)/4 -> 93.625 | AC30: №5 | AD30: 10 | AE30: 28 | AF30: =AE30*40/60 -> 18.666667
H31: В 20:25 - 20:35 шуровка бункера МШР №5 .10мин | X31: 0.20833333 | AA31: - | AE31: 29 | AF31: =AE31*40/60 -> 19.333333
H32: В 01:25 - 01:37 перегруз МШР №1 .12мин | Y32: Исходная руда №1 | Z32: 8.2 | AA32: =100-Z32 -> 91.8 | AB32: 0.29166667 | AC32: №1 | AD32: 42 | AE32: 30 | AF32: =AE32*40/60 -> 20
H33: С 03:00 МШР №1 ручной замер - сбой эл счетчика. | Y33: Исходная руда №3 | Z33: 5.5 | AA33: =100-Z33 -> 94.5 | AC33: №3 | AD33: 42 | AE33: 31 | AF33: =AE33*40/60 -> 20.666667
H34: С 04:00 МШР №4 ручной замер - сбой эл счетчика. | Y34: Исходная руда №4 | Z34: 5.9 | AA34: =100-Z34 -> 94.1 | AC34: №4 | AD34: 32 | AE34: 32 | AF34: =AE34*40/60 -> 21.333333
Y35: Исходная руда №5 | Z35: 3.5 | AA35: =100-Z35 -> 96.5 | AC35: №5 | AD35: 10 | AE35: 33 | AF35: =AE35*40/60 -> 22
AA36: =(AA32+AA33+AA34+AA35)/4 -> 94.225 | AE36: 34 | AF36: =AE36*40/60 -> 22.666667
AE37: 35 | AF37: =AE37*40/60 -> 23.333333
AE38: 36 | AF38: =AE38*40/60 -> 24
AE39: 37 | AF39: =AE39*40/60 -> 24.666667
A40: Остаток МКР на начало смены | D40: ='07.01.26см2'!D44:F44 -> 42 | AE40: 38 | AF40: =AE40*40/60 -> 25.333333
A41: Выпуск МКР за смену | D41: =V17 -> 41 | H41: Время | J41: 0.875 | K41: 0.95833333 | M41: 0.041666667 | N41: 03:00 | O41: 05:00 | P41: 07:00 | Q41: ср.значение | AE41: 39 | AF41: =AE41*40/60 -> 26
A42: Отгружено МКР за смену | H42: рН слива ГЦ-1 | J42: 9.63 | K42: 9.59 | M42: 9.02 | N42: 10.33 | O42: 9.87 | P42: 9.93 | Q42: =AVERAGE(J42:P43) -> 9.7283333 | AE42: 40 | AF42: =AE42*40/60 -> 26.666667
A43: Количество автомашин | R43: Старший контролер ОТК: Тусупбаева А. | AE43: 41 | AF43: =AE43*40/60 -> 27.333333
A44: Остаток МКР на конец смены | D44: =D40+D41-D42 -> 83 | R44: Контролер ОТК: Макулбеков Б. | AE44: 42 | AF44: =AE44*40/60 -> 28
AE45: 45 | AF45: =AE45*40/60 -> 30
AE46: 46 | AF46: =AE46*40/60 -> 30.666667
AE47: 47 | AF47: =AE47*40/60 -> 31.333333
AE48: 48 | AF48: =AE48*40/60 -> 32
AE49: 49 | AF49: =AE49*40/60 -> 32.666667
AE50: 50 | AF50: =AE50*40/60 -> 33.333333
AE51: 51 | AF51: =AE51*40/60 -> 34
AE52: 52 | AF52: =AE52*40/60 -> 34.666667
AE53: 53 | AF53: =AE53*40/60 -> 35.333333
AE54: 54 | AF54: =AE54*40/60 -> 36
AE55: 55 | AF55: =AE55*40/60 -> 36.666667
AE56: 56 | AF56: =AE56*40/60 -> 37.333333
... AE60: 60 | AF60: =AE60*40/60 -> 40

Sheet 08.01.26см2
A1: Дата | B1: 08.01.2026 | F1: Смена | G1: 2 | AE1: Мельница №5
B2: Плотность, % | N2: Ситовой анализ, % -74мкм | P2: Производительность мельниц, тн/ч | U2: все мельницы | V2: Выпуск МКР | W2: Время | X2: на начало смены | Y2: на конец смены | Z2: переработка по счетчику | AA2: № | AB2: Переработка Ручной замер | AE2: мин | AF2: тонн
A3: Время | B3: Слив мельниц | G3: Слив гидроциклона | I3: Сгуститель | K3: Классификатор | N3: Гидроциклон | AA3: МШР | AE3: 1 | AF3: =AE3*41/60 -> 0.68333333
B4: 1 | C4: 2 | D4: 3 | E4: 4 | F4: 5 | G4: 1ст | H4: 2ст | I4: 1 | J4: 2 | K4: 1 | L4: 3 | M4: 5 | N4: 1ст | O4: 2ст | P4: 1 | Q4: 2 | R4: 3 | S4: 4 | T4: 5 | AB4: Время | AC4: Мельница | AD4: Ручной | AE4: 2 | AF4: =AE4*41/60 -> 1.3666667
A5: 9 | P5: 39.9 | Q5: 0 | R5: 14.735 | S5: 32 | T5: 10.69 | U5: =SUM(P5:T5) -> 97.325 | W5: 9 | X5: ='08.01.26см1'!Y5 -> 516731.9 | Y5: =X5+P17 -> 517168.7 | Z5: =Y5-X5 -> 436.8 | AA5: 1 | AE5: 3 | AF5: =AE5*41/60 -> 2.05
A6: 10 | P6: 39.1 | Q6: 0 | R6: 40.167 | S6: 31 | T6: 10.82 | U6: =SUM(P6:T6) -> 121.087 | V6: 3 | W6: 10 | X6: ='08.01.26см1'!Y6 -> 813939.34 | Y6: =X6+R17 -> 814339.1 | Z6: =Y6-X6 -> 399.756 | AA6: 3 | AE6: 4 | AF6: =AE6*41/60 -> 2.7333333
A7: 11 | B7: 64 | C7: 51 | D7: 75 | E7: 57 | F7: 60 | G7: 42 | H7: 35 | K7: 42 | L7: 55 | M7: 40 | N7: 55 | O7: 68 | P7: 38.1 | Q7: 0 | R7: 44.272 | S7: 32 | T7: 11.71 | U7: =SUM(P7:T7) -> 126.082 | V7: 2 | W7: 11 | X7: ='08.01.26см1'!Y7 -> 507097 | Y7: =X7+S17 -> 507459 | Z7: =Y7-X7 -> 362 | AA7: 4 | AB7: 0.375 | AC7: №1 | AD7: 41 | AE7: 5 | AF7: =AE7*41/60 -> 3.4166667
A8: 12 | P8: 43.1 | Q8: 0 | R8: 40.805 | S8: 32 | T8: 15.08 | U8: =SUM(P8:T8) -> 130.985 | V8: 2 | W8: 12 | X8: ='08.01.26см1'!Y8 -> 2021.71 | Y8: =X8+T17 -> 2188.96 | Z8: =T17 -> 167.25 | AA8: 5 | AC8: №3 | AE8: 6 | AF8: =AE8*41/60 -> 4.1
A9: 13 | P9: 37.6 | Q9: 0 | R9: 32.199 | S9: 30 | T9: 10.86 | U9: =SUM(P9:T9) -> 110.659 | V9: 2 | W9: 13 | X9: Итого производ - ность за смену | Z9: =SUM(Z5:Z8) -> 1365.806 | AC9: №4 | AD9: 32 | AE9: 7 | AF9: =AE9*41/60 -> 4.7833333
A10: 14 | P10: 35.2 | Q10: 0 | R10: 22.162 | S10: 24 | T10: 16.63 | U10: =SUM(P10:T10) -> 97.992 | V10: 6 | W10: 14 | AC10: №5 | AD10: 9 | AE10: 8 | AF10: =AE10*41/60 -> 5.4666667
A11: 15 | P11: 36.5 | Q11: 0 | R11: 30.679 | S11: 18 | T11: 16.69 | U11: =SUM(P11:T11) -> 101.869 | V11: 3 | W11: 15 | X11: Руда с конвейера Сито 12 мм | AE11: 9 | AF11: =AE11*41/60 -> 6.15
A12: 16 | P12: 29.1 | Q12: 0 | R12: 21.498 | S12: 26 | T12: 15.68 | U12: =SUM(P12:T12) -> 92.278 | V12: 3 | W12: 16 | AB12: 0.45833333 | AC12: №1 | AD12: 41 | AE12: 10 | AF12: =AE12*41/60 -> 6.8333333
A13: 17 | B13: 61 | C13: 62 | D13: 71 | E13: 61 | F13: 60 | G13: 40 | H13: 32 | I13: 20 | J13: 35 | K13: 38 | L13: 55 | M13: 51 | N13: 57 | O13: 72 | P13: 27.4 | Q13: 0 | R13: 38.293 | S13: 25 | T13: 14.62 | U13: =SUM(P13:T13) -> 105.313 | V13: 4 | W13: 17 | X13: Время | Y13: Мельница | Z13: + | AA13: - | AC13: №3 | AD13: 42 | AE13: 11 | AF13: =AE13*41/60 -> 7.5166667
A14: 18 | P14: 36.3 | Q14: 0 | R14: 42.703 | S14: 37 | T14: 14.34 | U14: =SUM(P14:T14) -> 130.343 | V14: 4 | W14: 18 | X14: 0.41666667 | Y14: Исходная руда №1 | Z14: 6.2 | AA14: =100-Z14 -> 93.8 | AC14: №4 | AD14: 32 | AE14: 12 | AF14: =AE14*41/60 -> 8.2
A15: 19 | P15: 36.1 | Q15: 0 | R15: 31.037 | S15: 39 | T15: 15.72 | U15: =SUM(P15:T15) -> 121.857 | V15: 5 | W15: 19 | Y15: Исходная руда №3 | Z15: 10.4 | AA15: =100-Z15 -> 89.6 | AC15: №5 | AD15: 10 | AE15: 13 | AF15: =AE15*41/60 -> 8.8833333
A16: 20 | P16: 38.4 | Q16: 0 | R16: 41.206 | S16: 36 | T16: 14.41 | U16: =SUM(P16:T16) -> 130.016 | V16: 4 | W16: 20 | Y16: Исходная руда №4 | Z16: 6.7 | AA16: =100-Z16 -> 93.3 | AE16: 14 | AF16: =AE16*41/60 -> 9.5666667
A17: среднее | B17: =AVERAGE(B5:B15) -> 62.5 | C17: =AVERAGE(C5:C16) -> 56.5 | D17: =AVERAGE(D5:D15) -> 73 | E17: =AVERAGE(E5:E15) -> 59 | F17: =AVERAGE(F5:F15) -> 60 | G17: =AVERAGE(G5:G16) -> 41 | H17: =AVERAGE(H5:H16) -> 33.5 | I17: =AVERAGE(I5:I15) -> 20 | J17: =AVERAGE(J5:J15) -> 35 | K17: =AVERAGE(K5:K15) -> 40 | L17: =AVERAGE(L5:L15) -> 55 | M17: =AVERAGE(M5:M15) -> 45.5 | N17: =AVERAGE(N5:N15) -> 56 | O17: =AVERAGE(O5:O16) -> 70 | P17: =SUM(P5:P16) -> 436.8 | Q17: =SUM(Q5:Q16) -> 0 | R17: =SUM(R5:R16) -> 399.756 | S17: =SUM(S5:S16) -> 362 | T17: =SUM(T5:T16) -> 167.25 | U17: =SUM(P17:T17) -> 1365.806 | V17: =SUM(V5:V16) -> 38 | Y17: Исходная руда №5 | Z17: 7.2 | AA17: =100-Z17 -> 92.8 | AB17: 0.54166667 | AC17: №1 | AD17: 41 | AE17: 15 | AF17: =AE17*41/60 -> 10.25
AA18: =(AA14+AA15+AA16+AA17)/4 -> 92.375 | AC18: №3 | AD18: 41 | AE18: 16 | AF18: =AE18*41/60 -> 10.933333
A19: Загрузка шаров мельниц | C19: Ø, мм | D19: тн | F19: Примечание | I19: Ситовый анализ 08.01.26 см 1 | M19: Влага руды, % | P19: 3.9 | R19: 3.4 | S19: 3.7 | T19: 4.3 | U19: =(U17-U20)/U17*100 -> 3.7496287 | X19: 0.5 | AA19: - | AC19: №4 | AD19: 30 | AE19: 17 | AF19: =AE19*41/60 -> 11.616667
A20: №1 | C20: 70 | D20: 0.2 | F20: новые | K20: % | M20: Итого СМТ по весам за смену | P20: =(P17-(P17*P19/100)) -> 419.7648 | R20: =(R17-(R17*R19/100)) -> 386.1643 | S20: =(S17-(S17*S19/100)) -> 348.606 | T20: =(T17-(T17*T19/100)) -> 160.05825 | U20: =P20+Q20+R20+S20+T20 -> 1314.5933 | Y20: Исходная руда №1 | Z20: 5.6 | AA20: =100-Z20 -> 94.4 | AC20: №5 | AD20: 10 | AE20: 18 | AF20: =AE20*41/60 -> 12.3
A21: №2 | C21: 20 | D21: 0.2 | F21: новые | I21: ГЦ№1 | J21: 45 | M21: Итого СМТ замер за смену | P21: =(U17-(U17*U19/100)) -> 1314.5933 | Y21: Исходная руда №3 | Z21: 8.7 | AA21: =100-Z21 -> 91.3 | AE21: 19 | AF21: =AE21*41/60 -> 12.983333
A22: №4 | C22: 70 | D22: 0.2 | F22: новые | I22: 100 | J22: =I22-J21 -> 55 | K22: =J22/I22*100 -> 55 | Y22: Исходная руда №4 | Z22: 6.2 | AA22: =100-Z22 -> 93.8 | AB22: 0.625 | AC22: №1 | AD22: 42 | AE22: 20 | AF22: =AE22*41/60 -> 13.666667
A23: №5 | C23: 70 | D23: 0.15 | F23: новые | I23: ГЦ№2 | J23: 27 | M23: Итого за сутки: | Y23: Исходная руда №5 | Z23: 6.4 | AA23: =100-Z23 -> 93.6 | AC23: №3 | AD23: 41 | AE23: 21 | AF23: =AE23*41/60 -> 14.35
I24: 100 | J24: =I24-J23 -> 73 | K24: =J24/I24*100 -> 73 | M24: Итого с начала месяца: | AA24: =(AA20+AA21+AA22+AA23)/4 -> 93.275 | AC24: №4 | AD24: 31 | AE24: 22 | AF24: =AE24*41/60 -> 15.033333
X25: 0.625 | AA25: - | AC25: №5 | AD25: 13 | AE25: 23 | AF25: =AE25*41/60 -> 15.716667
Y26: Исходная руда №1 | Z26: 1.1 | AA26: =100-Z26 -> 98.9 | AE26: 24 | AF26: =AE26*41/60 -> 16.4
A27: Простой мельниц | C27: с | D27: до | F27: кол-во мин | H27: Причины простоя | Y27: Исходная руда №3 | Z27: 3.7 | AA27: =100-Z27 -> 96.3 | AB27: 0.70833333 | AC27: №1 | AD27: 38 | AE27: 25 | AF27: =AE27*41/60 -> 17.083333
H28: МШР №1, №4 ручной замер - сбой эл.счетчика. | Y28: Исходная руда №4 | Z28: 4.2 | AA28: =100-Z28 -> 95.8 | AC28: №3 | AD28: 40 | AE28: 26 | AF28: =AE28*41/60 -> 17.766667
H29: В 08:20 поставили на выработку МШР №3 | Y29: Исходная руда №5 | Z29: 5 | AA29: =100-Z29 -> 95 | AC29: №4 | AD29: 30 | AE29: 27 | AF29: =AE29*41/60 -> 18.45
A30: №3 | C30: 0.36041667 | D30: 0.37916667 | F30: 27 мин | H30: Остановка мельницы по мех.части - подтяжка анкерных болтов | AA30: =(AA26+AA27+AA28+AA29)/4 -> 96.5 | AC30: №5 | AD30: 12 | AE30: 28 | AF30: =AE30*41/60 -> 19.133333
H31: В 08:10 - 08:15 произвели калибровку эл.весов МШР №1 5мин | X31: 0.70833333 | AA31: - | AE31: 29 | AF31: =AE31*41/60 -> 19.816667
H32: С 12:20 - 12:33 шуровка бункера МШР №3 13мин | Y32: Исходная руда №1 | Z32: 1.1 | AA32: =100-Z32 -> 98.9 | AB32: 0.79166667 | AC32: №1 | AD32: 43 | AE32: 30 | AF32: =AE32*41/60 -> 20.5
H33: С 14:00 - 16:00 шуровка бункеров МШР №1, МШР №3, МШР №4 | Y33: Исходная руда №3 | Z33: 1.1 | AA33: =100-Z33 -> 98.9 | AC33: №3 | AD33: 41 | AE33: 31 | AF33: =AE33*41/60 -> 21.183333
A34: №2 | C34: 0.69652778 | D34: 0.70972222 | F34: 19 мин | H34: Остановили МШЦ по мех части - подтяжка анкерных болтов. Снизили Q МШР №1,МШР №3 до 36 тн/ч. | Y34: Исходная руда №4 | Z34: 3.2 | AA34: =100-Z34 -> 96.8 | AC34: №4 | AD34: 34 | AE34: 32 | AF34: =AE34*41/60 -> 21.866667
Y35: Исходная руда №5 | Z35: 0.4 | AA35: =100-Z35 -> 99.6 | AC35: №5 | AD35: 13 | AE35: 33 | AF35: =AE35*41/60 -> 22.55
AA36: =(AA32+AA33+AA34+AA35)/4 -> 98.55 | AE36: 34 | AF36: =AE36*41/60 -> 23.233333
AE37: 35 | AF37: =AE37*41/60 -> 23.916667
AE38: 36 | AF38: =AE38*41/60 -> 24.6
AE39: 37 | AF39: =AE39*41/60 -> 25.283333
A40: Остаток МКР на начало смены | D40: ='08.01.26см1'!D44:F44 -> 83 | AE40: 38 | AF40: =AE40*41/60 -> 25.966667
A41: Выпуск МКР за смену | D41: =V17 -> 38 | H41: Время | J41: 0.375 | K41: 0.45833333 | M41: 0.54166667 | N41: 15:00 | O41: 17:00 | P41: 19:00 | Q41: ср.значение | AE41: 39 | AF41: =AE41*41/60 -> 26.65
A42: Отгружено МКР за смену | D42: 58 | H42: рН слива ГЦ-1 | J42: 9.41 | K42: 9.11 | M42: 9.86 | N42: 9.94 | O42: 9.86 | P42: 9.62 | Q42: =AVERAGE(J42:P43) -> 9.6333333 | AE42: 40 | AF42: =AE42*41/60 -> 27.333333
A43: Количество автомашин | D43: 3 | R43: Старший контролер ОТК: Тусупбаева А. | AE43: 41 | AF43: =AE43*41/60 -> 28.016667
A44: Остаток МКР на конец смены | D44: =D40+D41-D42 -> 63 | R44: Контролер ОТК: Макулбеков Б. | AE44: 42 | AF44: =AE44*41/60 -> 28.7
AE45: 45 | AF45: =AE45*41/60 -> 30.75
AE46: 46 | AF46: =AE46*41/60 -> 31.433333
AE47: 47 | AF47: =AE47*41/60 -> 32.116667
AE48: 48 | AF48: =AE48*41/60 -> 32.8
AE49: 49 | AF49: =AE49*41/60 -> 33.483333
AE50: 50 | AF50: =AE50*41/60 -> 34.166667
AE51: 51 | AF51: =AE51*41/60 -> 34.85
AE52: 52 | AF52: =AE52*41/60 -> 35.533333
AE53: 53 | AF53: =AE53*41/60 -> 36.216667
AE54: 54 | AF54: =AE54*41/60 -> 36.9
AE55: 55 | AF55: =AE55*41/60 -> 37.583333
AE56: 56 | AF56: =AE56*41/60 -> 38.266667
... AE60: 60 | AF60: =AE60*41/60 -> 41

Sheet 09.01.26см1
A1: Дата | B1: 09.01.2026 | F1: Смена | G1: 1 | AE1: Мельница №5
B2: Плотность, % | N2: Ситовой анализ, % -74мкм | P2: Производительность мельниц, тн/ч | U2: все мельницы | V2: Выпуск МКР | W2: Время | X2: на начало смены | Y2: на конец смены | Z2: переработка по счетчику | AA2: № | AB2: Переработка Ручной замер | AE2: мин | AF2: тонн
A3: Время | B3: Слив мельниц | G3: Слив гидроциклона | I3: Сгуститель | K3: Классификатор | N3: Гидроциклон | AA3: МШР | AE3: 1 | AF3: =AE3*40/60 -> 0.66666667
B4: 1 | C4: 2 | D4: 3 | E4: 4 | F4: 5 | G4: 1ст | H4: 2ст | I4: 1 | J4: 2 | K4: 1 | L4: 3 | M4: 5 | N4: 1ст | O4: 2ст | P4: 1 | Q4: 2 | R4: 3 | S4: 4 | T4: 5 | AB4: Время | AC4: Мельница | AD4: Ручной | AE4: 2 | AF4: =AE4*40/60 -> 1.3333333
A5: 21 | P5: 38.8 | Q5: 0 | R5: 31.382 | S5: 33 | T5: 13.12 | U5: =SUM(P5:T5) -> 116.302 | V5: 1 | W5: 21 | X5: 517133.7 | Y5: =X5+P17 -> 517610.8 | Z5: =Y5-X5 -> 477.1 | AA5: 1 | AE5: 3 | AF5: =AE5*40/60 -> 2
A6: 22 | P6: 40.9 | Q6: 0 | R6: 40.673 | S6: 31 | T6: 13.29 | U6: =SUM(P6:T6) -> 125.863 | V6: 3 | W6: 22 | X6: 814339.1 | Y6: =X6+R17 -> 814837.76 | Z6: =Y6-X6 -> 498.66 | AA6: 3 | AE6: 4 | AF6: =AE6*40/60 -> 2.6666667
A7: 23 | B7: 68 | C7: 62 | D7: 75 | E7: 63 | F7: 60 | G7: 44 | H7: 35 | I7: 46 | J7: 30 | K7: 45 | L7: 58 | M7: 49 | N7: 56 | O7: 70 | P7: 39.2 | Q7: 0 | R7: 48.697 | S7: 35 | T7: 10.98 | U7: =SUM(P7:T7) -> 133.877 | V7: 6 | W7: 23 | X7: 507459 | Y7: =X7+S17 -> 507843 | Z7: =Y7-X7 -> 384 | AA7: 4 | AB7: 0.875 | AC7: №1 | AD7: 40 | AE7: 5 | AF7: =AE7*40/60 -> 3.3333333
A8: 24 | P8: 38.6 | Q8: 0 | R8: 41.005 | S8: 32 | T8: 10.1 | U8: =SUM(P8:T8) -> 121.705 | V8: 3 | W8: 24 | X8: 2188.96 | Y8: =X8+T17 -> 2331.09 | Z8: =T17 -> 142.13 | AA8: 5 | AC8: №3 | AD8: 42 | AE8: 6 | AF8: =AE8*40/60 -> 4
A9: 1 | P9: 42.4 | Q9: 0 | R9: 41.365 | S9: 32 | T9: 11.58 | U9: =SUM(P9:T9) -> 127.345 | V9: 2 | W9: 1 | X9: Итого производ - ность за смену | Z9: =SUM(Z5:Z8) -> 1501.89 | AC9: №4 | AD9: 33 | AE9: 7 | AF9: =AE9*40/60 -> 4.6666667
A10: 2 | P10: 38.4 | Q10: 0 | R10: 42.073 | S10: 32 | T10: 11.24 | U10: =SUM(P10:T10) -> 123.713 | V10: 7 | W10: 2 | AC10: №5 | AD10: 11 | AE10: 8 | AF10: =AE10*40/60 -> 5.3333333
A11: 3 | P11: 42.7 | Q11: 0 | R11: 42.987 | S11: 31 | T11: 12.24 | U11: =SUM(P11:T11) -> 128.927 | V11: 1 | W11: 3 | X11: Руда с конвейера Сито 12 мм | AE11: 9 | AF11: =AE11*40/60 -> 6
A12: 4 | P12: 40.7 | Q12: 0 | R12: 39.327 | S12: 32 | T12: 10.9 | U12: =SUM(P12:T12) -> 122.927 | V12: 5 | W12: 4 | AB12: 0.95833333 | AC12: №1 | AD12: 42 | AE12: 10 | AF12: =AE12*40/60 -> 6.6666667
A13: 5 | B13: 67 | C13: 61 | D13: 73 | E13: 62 | F13: 56 | G13: 44 | H13: 34 | I13: 33 | J13: 10 | K13: 47 | L13: 56 | M13: 46 | N13: 57 | O13: 72 | P13: 41.5 | Q13: 0 | R13: 42.013 | S13: 33 | T13: 11.55 | U13: =SUM(P13:T13) -> 128.063 | V13: 5 | W13: 5 | X13: Время | Y13: Мельница | Z13: + | AA13: - | AC13: №3 | AD13: 44 | AE13: 11 | AF13: =AE13*40/60 -> 7.3333333
A14: 6 | P14: 41.6 | Q14: 0 | R14: 44.036 | S14: 32 | T14: 12.71 | U14: =SUM(P14:T14) -> 130.346 | V14: 5 | W14: 6 | X14: 0.91666667 | Y14: Исходная руда №1 | Z14: 1.4 | AA14: =100-Z14 -> 98.6 | AC14: №4 | AD14: 35 | AE14: 12 | AF14: =AE14*40/60 -> 8
A15: 7 | P15: 39.1 | Q15: 0 | R15: 42.461 | S15: 30 | T15: 12.3 | U15: =SUM(P15:T15) -> 123.861 | V15: 5 | W15: 7 | Y15: Исходная руда №3 | Z15: 1 | AA15: =100-Z15 -> 99 | AC15: №5 | AD15: 12 | AE15: 13 | AF15: =AE15*40/60 -> 8.6666667
A16: 8 | P16: 33.2 | Q16: 0 | R16: 42.641 | S16: 31 | T16: 12.12 | U16: =SUM(P16:T16) -> 118.961 | V16: 4 | W16: 8 | Y16: Исходная руда №4 | Z16: 2.2 | AA16: =100-Z16 -> 97.8 | AE16: 14 | AF16: =AE16*40/60 -> 9.3333333
A17: среднее | B17: =AVERAGE(B5:B15) -> 67.5 | C17: =AVERAGE(C5:C16) -> 61.5 | D17: =AVERAGE(D5:D15) -> 74 | E17: =AVERAGE(E5:E15) -> 62.5 | F17: =AVERAGE(F5:F15) -> 58 | G17: =AVERAGE(G5:G16) -> 44 | H17: =AVERAGE(H5:H16) -> 34.5 | I17: =AVERAGE(I5:I15) -> 39.5 | J17: =AVERAGE(J5:J15) -> 20 | K17: =AVERAGE(K5:K15) -> 46 | L17: =AVERAGE(L5:L15) -> 57 | M17: =AVERAGE(M5:M15) -> 47.5 | N17: =AVERAGE(N5:N15) -> 56.5 | O17: =AVERAGE(O5:O16) -> 71 | P17: =SUM(P5:P16) -> 477.1 | Q17: =SUM(Q5:Q16) -> 0 | R17: =SUM(R5:R16) -> 498.66 | S17: =SUM(S5:S16) -> 384 | T17: =SUM(T5:T16) -> 142.13 | U17: =SUM(P17:T17) -> 1501.89 | V17: =SUM(V5:V16) -> 47 | Y17: Исходная руда №5 | Z17: 1.1 | AA17: =100-Z17 -> 98.9 | AB17: 0.041666667 | AC17: №1 | AD17: 43 | AE17: 15 | AF17: =AE17*40/60 -> 10
AA18: 98.58 | AC18: №3 | AD18: 43 | AE18: 16 | AF18: =AE18*40/60 -> 10.666667
A19: Загрузка шаров мельниц | C19: Ø, мм | D19: тн | F19: Примечание | I19: Ситовый анализ 08.01.26 см 2 | M19: Влага руды, % | P19: 3.9 | R19: 3 | S19: 3.2 | T19: 3.4 | U19: =(U17-U20)/U17*100 -> 3.374889 | X19: 0.041666667 | AA19: - | AC19: №4 | AD19: 32 | AE19: 17 | AF19: =AE19*40/60 -> 11.333333
A20: №1 | C20: 70 | D20: 0.2 | F20: новые | K20: % | M20: Итого СМТ по весам за смену | P20: =(P17-(P17*P19/100)) -> 458.4931 | R20: =(R17-(R17*R19/100)) -> 483.7002 | S20: =(S17-(S17*S19/100)) -> 371.712 | T20: =(T17-(T17*T19/100)) -> 137.29758 | U20: =P20+Q20+R20+S20+T20 -> 1451.2029 | Y20: Исходная руда №1 | Z20: 5.7 | AA20: =100-Z20 -> 94.3 | AC20: №5 | AD20: 11 | AE20: 18 | AF20: =AE20*40/60 -> 12
A21: №2 | C21: 20 | D21: 0.2 | F21: новые | I21: ГЦ№1 | J21: 45 | M21: Итого СМТ замер за смену | P21: =(U17-(U17*U19/100)) -> 1451.2029 | Y21: Исходная руда №3 | Z21: 1.6 | AA21: =100-Z21 -> 98.4 | AE21: 19 | AF21: =AE21*40/60 -> 12.666667
A22: №3 | C22: 70 | D22: 1 | F22: новые | I22: 100 | J22: =I22-J21 -> 55 | K22: =J22/I22*100 -> 55 | Y22: Исходная руда №4 | Z22: 1.1 | AA22: =100-Z22 -> 98.9 | AB22: 0.125 | AC22: №1 | AD22: 43 | AE22: 20 | AF22: =AE22*40/60 -> 13.333333
A23: №4 | C23: 70 | D23: 0.2 | F23: новые | I23: ГЦ№2 | J23: 29 | M23: Итого за сутки: | Y23: Исходная руда №5 | Z23: 3.5 | AA23: =100-Z23 -> 96.5 | AC23: №3 | AD23: 42 | AE23: 21 | AF23: =AE23*40/60 -> 14
A24: №5 | C24: 70 | D24: 0.15 | F24: новые | I24: 100 | J24: =I24-J23 -> 71 | K24: =J24/I24*100 -> 71 | M24: Итого с начала месяца: | AA24: 97.03 | AC24: №4 | AD24: 31 | AE24: 22 | AF24: =AE24*40/60 -> 14.666667
X25: 0.125 | AA25: - | AC25: №5 | AD25: 10 | AE25: 23 | AF25: =AE25*40/60 -> 15.333333
Y26: Исходная руда №1 | Z26: 3.3 | AA26: =100-Z26 -> 96.7 | AE26: 24 | AF26: =AE26*40/60 -> 16
A27: Простой мельниц | C27: с | D27: до | F27: кол-во мин | H27: Причины простоя | Y27: Исходная руда №3 | Z27: 3.9 | AA27: =100-Z27 -> 96.1 | AB27: 0.20833333 | AC27: №1 | AD27: 42 | AE27: 25 | AF27: =AE27*40/60 -> 16.666667
H28: МШР №4 ручной замер - сбой эл счетчика. | Y28: Исходная руда №4 | Z28: 1.8 | AA28: =100-Z28 -> 98.2 | AC28: №3 | AD28: 39 | AE28: 26 | AF28: =AE28*40/60 -> 17.333333
H29: В 20:05 - 20:15 остановили питание МШР №3 - перегруз 10мин. | Y29: Исходная руда №5 | Z29: 1.1 | AA29: =100-Z29 -> 98.9 | AC29: №4 | AD29: 33 | AE29: 27 | AF29: =AE29*40/60 -> 18
AA30: 97.48 | AC30: №5 | AD30: 11 | AE30: 28 | AF30: =AE30*40/60 -> 18.666667
X31: 0.20833333 | AA31: - | AE31: 29 | AF31: =AE31*40/60 -> 19.333333
Y32: Исходная руда №1 | Z32: 1.7 | AA32: =100-Z32 -> 98.3 | AB32: 0.29166667 | AC32: №1 | AD32: 42 | AE32: 30 | AF32: =AE32*40/60 -> 20
Y33: Исходная руда №3 | Z33: 1.7 | AA33: =100-Z33 -> 98.3 | AC33: №3 | AD33: 42 | AE33: 31 | AF33: =AE33*40/60 -> 20.666667
Y34: Исходная руда №4 | Z34: 2.8 | AA34: =100-Z34 -> 97.2 | AC34: №4 | AD34: 30 | AE34: 32 | AF34: =AE34*40/60 -> 21.333333
Y35: Исходная руда №5 | Z35: 1.5 | AA35: =100-Z35 -> 98.5 | AC35: №5 | AD35: 11 | AE35: 33 | AF35: =AE35*40/60 -> 22
AA36: =(AA32+AA33+AA34+AA35)/4 -> 98.075 | AE36: 34 | AF36: =AE36*40/60 -> 22.666667
AE37: 35 | AF37: =AE37*40/60 -> 23.333333
AE38: 36 | AF38: =AE38*40/60 -> 24
AE39: 37 | AF39: =AE39*40/60 -> 24.666667
A40: Остаток МКР на начало смены | D40: 63 | AE40: 38 | AF40: =AE40*40/60 -> 25.333333
A41: Выпуск МКР за смену | D41: =V17 -> 47 | H41: Время | J41: 0.875 | K41: 0.95833333 | M41: 0.041666667 | N41: 03:00 | O41: 05:00 | P41: 07:00 | Q41: ср.значение | AE41: 39 | AF41: =AE41*40/60 -> 26
A42: Отгружено МКР за смену | D42: 0 | H42: рН слива ГЦ-1 | J42: 9.59 | K42: 9.53 | M42: 9.32 | N42: 10.85 | O42: 9.82 | P42: 9.91 | Q42: =AVERAGE(J42:P43) -> 9.8366667 | AE42: 40 | AF42: =AE42*40/60 -> 26.666667
A43: Количество автомашин | D43: 0 | R43: Старший контролер ОТК: Хамзина Л. | AE43: 41 | AF43: =AE43*40/60 -> 27.333333
A44: Остаток МКР на конец смены | D44: =D40+D41-D42 -> 110 | R44: Контролер ОТК: Навроцкая Т. | AE44: 42 | AF44: =AE44*40/60 -> 28
AE45: 45 | AF45: =AE45*40/60 -> 30
AE46: 46 | AF46: =AE46*40/60 -> 30.666667
AE47: 47 | AF47: =AE47*40/60 -> 31.333333
AE48: 48 | AF48: =AE48*40/60 -> 32
AE49: 49 | AF49: =AE49*40/60 -> 32.666667
AE50: 50 | AF50: =AE50*40/60 -> 33.333333
AE51: 51 | AF51: =AE51*40/60 -> 34
AE52: 52 | AF52: =AE52*40/60 -> 34.666667
AE53: 53 | AF53: =AE53*40/60 -> 35.333333
AE54: 54 | AF54: =AE54*40/60 -> 36
AE55: 55 | AF55: =AE55*40/60 -> 36.666667
AE56: 56 | AF56: =AE56*40/60 -> 37.333333
... AE60: 60 | AF60: =AE60*40/60 -> 40

Sheet 09.01.26см2
A1: Дата | B1: 09.01.2026 | F1: Смена | G1: 2 | AE1: Мельница №5
B2: Плотность, % | N2: Ситовой анализ, % -74мкм | P2: Производительность мельниц, тн/ч | U2: все мельницы | V2: Выпуск МКР | W2: Время | X2: на начало смены | Y2: на конец смены | Z2: переработка по счетчику | AA2: № | AB2: Переработка Ручной замер | AE2: мин | AF2: тонн
A3: Время | B3: Слив мельниц | G3: Слив гидроциклона | I3: Сгуститель | K3: Классификатор | N3: Гидроциклон | AA3: МШР | AE3: 1 | AF3: =AE3*11/60 -> 0.18333333
B4: 1 | C4: 2 | D4: 3 | E4: 4 | F4: 5 | G4: 1ст | H4: 2ст | I4: 1 | J4: 2 | K4: 1 | L4: 3 | M4: 5 | N4: 1ст | O4: 2ст | P4: 1 | Q4: 2 | R4: 3 | S4: 4 | T4: 5 | AB4: Время | AC4: Мельница | AD4: Ручной | AE4: 2 | AF4: =AE4*11/60 -> 0.36666667
A5: 9 | P5: 25.5 | Q5: 0 | R5: 38.13 | S5: 32 | T5: 13.25 | U5: =SUM(P5:T5) -> 108.88 | V5: 1 | W5: 9 | X5: ='09.01.26см1'!Y5 -> 517610.8 | Y5: =X5+P17 -> 517973.5 | Z5: =Y5-X5 -> 362.7 | AA5: 1 | AE5: 3 | AF5: =AE5*11/60 -> 0.55
A6: 10 | P6: 0 | Q6: 0 | R6: 46.538 | S6: 30 | T6: 12.94 | U6: =SUM(P6:T6) -> 89.478 | V6: 1 | W6: 10 | X6: ='09.01.26см1'!Y6 -> 814837.76 | Y6: =X6+R17 -> 815379.33 | Z6: =Y6-X6 -> 541.569 | AA6: 3 | AE6: 4 | AF6: =AE6*11/60 -> 0.73333333
A7: 11 | C7: 43 | D7: 71 | E7: 59 | F7: 56 | G7: 44 | H7: 32 | L7: 52 | M7: 44 | N7: 54 | O7: 72 | P7: 0 | Q7: 0 | R7: 49.538 | S7: 30 | T7: 13.19 | U7: =SUM(P7:T7) -> 92.728 | V7: 7 | W7: 11 | X7: ='09.01.26см1'!Y7 -> 507843 | Y7: =X7+S17 -> 508227 | Z7: =Y7-X7 -> 384 | AA7: 4 | AB7: 0.375 | AC7: №1 | AE7: 5 | AF7: =AE7*11/60 -> 0.91666667
A8: 12 | P8: 26.6 | Q8: 0 | R8: 36.242 | S8: 29 | T8: 12.99 | U8: =SUM(P8:T8) -> 104.832 | W8: 12 | X8: ='09.01.26см1'!Y8 -> 2331.09 | Y8: =X8+T17 -> 2487.34 | Z8: =T17 -> 156.25 | AA8: 5 | AC8: №3 | AD8: 41 | AE8: 6 | AF8: =AE8*11/60 -> 1.1
A9: 13 | P9: 21.1 | Q9: 0 | R9: 43.648 | S9: 30 | T9: 12.21 | U9: =SUM(P9:T9) -> 106.958 | V9: 1 | W9: 13 | X9: Итого производ - ность за смену | Z9: =SUM(Z5:Z8) -> 1444.519 | AC9: №4 | AD9: 32 | AE9: 7 | AF9: =AE9*11/60 -> 1.2833333
A10: 14 | P10: 43 | Q10: 0 | R10: 45.105 | S10: 32 | T10: 12.55 | U10: =SUM(P10:T10) -> 132.655 | V10: 4 | W10: 14 | AC10: №5 | AD10: 11 | AE10: 8 | AF10: =AE10*11/60 -> 1.4666667
A11: 15 | P11: 43 | Q11: 0 | R11: 46.068 | S11: 34 | T11: 12.83 | U11: =SUM(P11:T11) -> 135.898 | V11: 2 | W11: 15 | X11: Руда с конвейера Сито 12 мм | AE11: 9 | AF11: =AE11*11/60 -> 1.65
A12: 16 | P12: 43 | Q12: 0 | R12: 48.361 | S12: 34 | T12: 13.77 | U12: =SUM(P12:T12) -> 139.131 | V12: 4 | W12: 16 | AB12: 0.45833333 | AC12: №1 | AE12: 10 | AF12: =AE12*11/60 -> 1.8333333
A13: 17 | B13: 65 | C13: 61 | D13: 74 | E13: 65 | F13: 53 | G13: 47 | H13: 35 | K13: 45 | L13: 54 | M13: 38 | N13: 52 | O13: 68 | P13: 40 | Q13: 0 | R13: 49.654 | S13: 35 | T13: 13.42 | U13: =SUM(P13:T13) -> 138.074 | V13: 4 | W13: 17 | X13: Время | Y13: Мельница | Z13: + | AA13: - | AC13: №3 | AD13: 45 | AE13: 11 | AF13: =AE13*11/60 -> 2.0166667
A14: 18 | P14: 41.3 | Q14: 0 | R14: 47.04 | S14: 35 | T14: 13.27 | U14: =SUM(P14:T14) -> 136.61 | V14: 4 | W14: 18 | X14: 0.41666667 | Y14: Исходная руда №1 | AA14: =100-Z14 -> 100 | AC14: №4 | AD14: 30 | AE14: 12 | AF14: =AE14*11/60 -> 2.2
A15: 19 | P15: 40.2 | Q15: 0 | R15: 47.446 | S15: 32 | T15: 13.16 | U15: =SUM(P15:T15) -> 132.806 | V15: 3 | W15: 19 | Y15: Исходная руда №3 | Z15: 7.4 | AA15: =100-Z15 -> 92.6 | AC15: №5 | AD15: 11 | AE15: 13 | AF15: =AE15*11/60 -> 2.3833333
A16: 20 | P16: 39 | Q16: 0 | R16: 43.799 | S16: 31 | T16: 12.67 | U16: =SUM(P16:T16) -> 126.469 | V16: 8 | W16: 20 | Y16: Исходная руда №4 | Z16: 3.7 | AA16: =100-Z16 -> 96.3 | AE16: 14 | AF16: =AE16*11/60 -> 2.5666667
A17: среднее | B17: =AVERAGE(B5:B15) -> 65 | C17: =AVERAGE(C5:C16) -> 52 | D17: =AVERAGE(D5:D15) -> 72.5 | E17: =AVERAGE(E5:E15) -> 62 | F17: =AVERAGE(F5:F15) -> 54.5 | G17: =AVERAGE(G5:G16) -> 45.5 | H17: =AVERAGE(H5:H16) -> 33.5 | I17: =AVERAGE(I5:I15) -> #DIV/0! | J17: =AVERAGE(J5:J15) -> #DIV/0! | K17: =AVERAGE(K5:K15) -> 45 | L17: =AVERAGE(L5:L15) -> 53 | M17: =AVERAGE(M5:M15) -> 41 | N17: =AVERAGE(N5:N15) -> 53 | O17: =AVERAGE(O5:O16) -> 70 | P17: =SUM(P5:P16) -> 362.7 | Q17: =SUM(Q5:Q16) -> 0 | R17: =SUM(R5:R16) -> 541.569 | S17: =SUM(S5:S16) -> 384 | T17: =SUM(T5:T16) -> 156.25 | U17: =SUM(P17:T17) -> 1444.519 | V17: =SUM(V5:V16) -> 39 | Y17: Исходная руда №5 | Z17: 3 | AA17: =100-Z17 -> 97 | AB17: 0.54166667 | AC17: №1 | AD17: 40 | AE17: 15 | AF17: =AE17*11/60 -> 2.75
AA18: =(AA15+AA16+AA17)/3 -> 95.3 | AC18: №3 | AD18: 42 | AE18: 16 | AF18: =AE18*11/60 -> 2.9333333
A19: Загрузка шаров мельниц | C19: Ø, мм | D19: тн | F19: Примечание | I19: Ситовый анализ 09.01.26 см 1 | M19: Влага руды, % | P19: 4.1 | R19: 3.5 | S19: 3.8 | T19: 3.4 | U19: =(U17-U20)/U17*100 -> 3.7195852 | X19: 0.5 | AA19: - | AC19: №4 | AD19: 30 | AE19: 17 | AF19: =AE19*11/60 -> 3.1166667
A20: №1 | C20: 70 | D20: 0.2 | F20: новые | K20: % | M20: Итого СМТ по весам за смену | P20: =(P17-(P17*P19/100)) -> 347.8293 | R20: =(R17-(R17*R19/100)) -> 522.61408 | S20: =(S17-(S17*S19/100)) -> 369.408 | T20: =(T17-(T17*T19/100)) -> 150.9375 | U20: =P20+Q20+R20+S20+T20 -> 1390.7889 | Y20: Исходная руда №1 | Z20: 4.6 | AA20: =100-Z20 -> 95.4 | AC20: №5 | AD20: 11 | AE20: 18 | AF20: =AE20*11/60 -> 3.3
A21: №2 | C21: 20 | D21: 0.2 | F21: новые | I21: ГЦ№1 | J21: 45 | M21: Итого СМТ замер за смену | P21: =(U17-(U17*U19/100)) -> 1390.7889 | Y21: Исходная руда №3 | Z21: 6.1 | AA21: =100-Z21 -> 93.9 | AE21: 19 | AF21: =AE21*11/60 -> 3.4833333
A22: №3 | C22: 70 | D22: 0.2 | F22: новые | I22: 100 | J22: =I22-J21 -> 55 | K22: =J22/I22*100 -> 55 | Y22: Исходная руда №4 | Z22: 4.2 | AA22: =100-Z22 -> 95.8 | AB22: 0.625 | AC22: №1 | AD22: 43 | AE22: 20 | AF22: =AE22*11/60 -> 3.6666667
A23: №4 | C23: 70 | D23: 0.2 | F23: новые | I23: ГЦ№2 | J23: 30 | M23: Итого за сутки: | Y23: Исходная руда №5 | Z23: 3.6 | AA23: =100-Z23 -> 96.4 | AC23: №3 | AD23: 44 | AE23: 21 | AF23: =AE23*11/60 -> 3.85
A24: №5 | C24: 70 | D24: 0.15 | F24: новые | I24: 100 | J24: =I24-J23 -> 70 | K24: =J24/I24*100 -> 70 | M24: Итого с начала месяца: | AA24: =AA20+(AA21+AA22+AA23)/4 -> 166.925 | AC24: №4 | AD24: 34 | AE24: 22 | AF24: =AE24*11/60 -> 4.0333333
X25: 0.625 | AA25: - | AC25: №5 | AD25: 10 | AE25: 23 | AF25: =AE25*11/60 -> 4.2166667
Y26: Исходная руда №1 | Z26: 3.5 | AA26: =100-Z26 -> 96.5 | AE26: 24 | AF26: =AE26*11/60 -> 4.4
A27: Простой мельниц | C27: с | D27: до | F27: кол-во мин | H27: Причины простоя | Y27: Исходная руда №3 | Z27: 3.9 | AA27: =100-Z27 -> 96.1 | AB27: 0.70833333 | AC27: №1 | AD27: 40 | AE27: 25 | AF27: =AE27*11/60 -> 4.5833333
H28: МШР №4 ручной замер - сбой эл счетчика. | Y28: Исходная руда №4 | Z28: 4.1 | AA28: =100-Z28 -> 95.9 | AC28: №3 | AD28: 45 | AE28: 26 | AF28: =AE28*11/60 -> 4.7666667
H29: В 08:52 поставили на выработку МШР №1 | Y29: Исходная руда №5 | Z29: 3.6 | AA29: =100-Z29 -> 96.4 | AC29: №4 | AD29: 35 | AE29: 27 | AF29: =AE29*11/60 -> 4.95
A30: №1 | C30: 0.38541667 | D30: 0.47361111 | F30: 2час 07мин | H30: Остановка мельницы - ППР | AA30: =(AA26+AA27+AA28+AA29)/4 -> 96.225 | AC30: №5 | AD30: 12 | AE30: 28 | AF30: =AE30*11/60 -> 5.1333333
H31: В 12:30 Произвели калибровку эл.весов МШР №1 | X31: 0.70833333 | AA31: - | AE31: 29 | AF31: =AE31*11/60 -> 5.3166667
H32: С 14:00 МШР №1 ручной замер - сбой эл счетчика. | Y32: Исходная руда №1 | Z32: 2.8 | AA32: =100-Z32 -> 97.2 | AB32: 0.79166667 | AC32: №1 | AD32: 43 | AE32: 30 | AF32: =AE32*11/60 -> 5.5
Y33: Исходная руда №3 | Z33: 4.1 | AA33: =100-Z33 -> 95.9 | AC33: №3 | AD33: 43 | AE33: 31 | AF33: =AE33*11/60 -> 5.6833333
Y34: Исходная руда №4 | Z34: 4.6 | AA34: =100-Z34 -> 95.4 | AC34: №4 | AD34: 32 | AE34: 32 | AF34: =AE34*11/60 -> 5.8666667
Y35: Исходная руда №5 | Z35: 3.3 | AA35: =100-Z35 -> 96.7 | AC35: №5 | AD35: 11 | AE35: 33 | AF35: =AE35*11/60 -> 6.05
AA36: =(AA32+AA33+AA34+AA35)/4 -> 96.3 | AE36: 34 | AF36: =AE36*11/60 -> 6.2333333
AE37: 35 | AF37: =AE37*11/60 -> 6.4166667
AE38: 36 | AF38: =AE38*11/60 -> 6.6
AE39: 37 | AF39: =AE39*11/60 -> 6.7833333
A40: Остаток МКР на начало смены | D40: 110 | AE40: 38 | AF40: =AE40*11/60 -> 6.9666667
A41: Выпуск МКР за смену | D41: =V17 -> 39 | H41: Время | J41: 0.375 | K41: 0.45833333 | M41: 0.54166667 | N41: 15:00 | O41: 17:00 | P41: 19:00 | Q41: ср.значение | AE41: 39 | AF41: =AE41*11/60 -> 7.15
A42: Отгружено МКР за смену | D42: 56 | H42: рН слива ГЦ-1 | J42: 9.37 | K42: 9.85 | M42: 9.89 | N42: 9.66 | O42: 10.02 | P42: 10.26 | Q42: =AVERAGE(J42:P43) -> 9.8416667 | AE42: 40 | AF42: =AE42*11/60 -> 7.3333333
A43: Количество автомашин | D43: 3 | R43: Старший контролер ОТК: Тусупбаева А. | AE43: 41 | AF43: =AE43*11/60 -> 7.5166667
A44: Остаток МКР на конец смены | D44: =D40+D41-D42 -> 93 | R44: Контролер ОТК: Макулбеков Б. | AE44: 42 | AF44: =AE44*11/60 -> 7.7
AE45: 45 | AF45: =AE45*11/60 -> 8.25
AE46: 46 | AF46: =AE46*11/60 -> 8.4333333
AE47: 47 | AF47: =AE47*11/60 -> 8.6166667
AE48: 48 | AF48: =AE48*11/60 -> 8.8
AE49: 49 | AF49: =AE49*11/60 -> 8.9833333
AE50: 50 | AF50: =AE50*11/60 -> 9.1666667
AE51: 51 | AF51: =AE51*11/60 -> 9.35
AE52: 52 | AF52: =AE52*11/60 -> 9.5333333
AE53: 53 | AF53: =AE53*11/60 -> 9.7166667
AE54: 54 | AF54: =AE54*11/60 -> 9.9
AE55: 55 | AF55: =AE55*11/60 -> 10.083333
AE56: 56 | AF56: =AE56*11/60 -> 10.266667
... AE60: 60 | AF60: =AE60*11/60 -> 11

Sheet 10.01.26см1
A1: Дата | B1: 10.01.2026 | F1: Смена | G1: 1 | AE1: Мельница №5
B2: Плотность, % | N2: Ситовой анализ, % -74мкм | P2: Производительность мельниц, тн/ч | U2: все мельницы | V2: Выпуск МКР | W2: Время | X2: на начало смены | Y2: на конец смены | Z2: переработка по счетчику | AA2: № | AB2: Переработка Ручной замер | AE2: мин | AF2: тонн
A3: Время | B3: Слив мельниц | G3: Слив гидроциклона | I3: Сгуститель | K3: Классификатор | N3: Гидроциклон | AA3: МШР | AE3: 1 | AF3: =AE3*40/60 -> 0.66666667
B4: 1 | C4: 2 | D4: 3 | E4: 4 | F4: 5 | G4: 1ст | H4: 2ст | I4: 1 | J4: 2 | K4: 1 | L4: 3 | M4: 5 | N4: 1ст | O4: 2ст | P4: 1 | Q4: 2 | R4: 3 | S4: 4 | T4: 5 | AB4: Время | AC4: Мельница | AD4: Ручной | AE4: 2 | AF4: =AE4*40/60 -> 1.3333333
A5: 21 | P5: 41 | Q5: 0 | R5: 30.852 | S5: 29 | T5: 11.93 | U5: =SUM(P5:T5) -> 112.782 | V5: 1 | W5: 21 | X5: 517922.8 | Y5: =X5+P17 -> 518395.8 | Z5: =Y5-X5 -> 473 | AA5: 1 | AE5: 3 | AF5: =AE5*40/60 -> 2
A6: 22 | P6: 42 | Q6: 0 | R6: 39.95 | S6: 36 | T6: 11.68 | U6: =SUM(P6:T6) -> 129.63 | V6: 4 | W6: 22 | X6: 815379.33 | Y6: =X6+R17 -> 815873.4 | Z6: =Y6-X6 -> 494.069 | AA6: 3 | AE6: 4 | AF6: =AE6*40/60 -> 2.6666667
A7: 23 | B7: 71 | C7: 63 | D7: 73 | E7: 65 | F7: 64 | G7: 43 | H7: 35 | I7: 45 | J7: 35 | K7: 48 | L7: 57 | M7: 54 | N7: 53 | O7: 67 | P7: 40 | Q7: 0 | R7: 43.377 | S7: 39 | T7: 12.5 | U7: =SUM(P7:T7) -> 134.877 | V7: 7 | W7: 23 | X7: 508407 | Y7: =X7+S17 -> 508818 | Z7: =Y7-X7 -> 411 | AA7: 4 | AB7: 0.875 | AC7: №1 | AD7: 41 | AE7: 5 | AF7: =AE7*40/60 -> 3.3333333
A8: 24 | P8: 42 | Q8: 0 | R8: 30.671 | S8: 26 | T8: 13.07 | U8: =SUM(P8:T8) -> 111.741 | V8: 3 | W8: 24 | X8: 2487.34 | Y8: =X8+T17 -> 2629.28 | Z8: =T17 -> 141.94 | AA8: 5 | AC8: №3 | AD8: 42 | AE8: 6 | AF8: =AE8*40/60 -> 4
A9: 1 | P9: 42 | Q9: 0 | R9: 42.469 | S9: 37 | T9: 13.13 | U9: =SUM(P9:T9) -> 134.599 | V9: 2 | W9: 1 | X9: Итого производ - ность за смену | Z9: =SUM(Z5:Z8) -> 1520.009 | AC9: №4 | AD9: 32 | AE9: 7 | AF9: =AE9*40/60 -> 4.6666667
A10: 2 | P10: 43 | Q10: 0 | R10: 45.257 | S10: 36 | T10: 11.24 | U10: =SUM(P10:T10) -> 135.497 | V10: 8 | W10: 2 | AC10: №5 | AD10: 11 | AE10: 8 | AF10: =AE10*40/60 -> 5.3333333
A11: 3 | P11: 19 | Q11: 0 | R11: 46.107 | S11: 37 | T11: 11.09 | U11: =SUM(P11:T11) -> 113.197 | V11: 7 | W11: 3 | X11: Руда с конвейера Сито 12 мм | AE11: 9 | AF11: =AE11*40/60 -> 6
A12: 4 | P12: 43 | Q12: 0 | R12: 40.962 | S12: 38 | T12: 10.21 | U12: =SUM(P12:T12) -> 132.172 | V12: 9 | W12: 4 | AB12: 0.95833333 | AC12: №1 | AD12: 40 | AE12: 10 | AF12: =AE12*40/60 -> 6.6666667
A13: 5 | B13: 67 | C13: 62 | D13: 78 | E13: 68 | F13: 64 | G13: 45 | H13: 36 | I13: 48 | J13: 42 | K13: 42 | L13: 59 | M13: 54 | N13: 48 | O13: 69 | P13: 41 | Q13: 0 | R13: 45.902 | S13: 33 | T13: 11.6 | U13: =SUM(P13:T13) -> 131.502 | V13: 10 | W13: 5 | X13: Время | Y13: Мельница | Z13: + | AA13: - | AC13: №3 | AD13: 41 | AE13: 11 | AF13: =AE13*40/60 -> 7.3333333
A14: 6 | P14: 38 | Q14: 0 | R14: 36.458 | S14: 33 | T14: 12.11 | U14: =SUM(P14:T14) -> 119.568 | V14: 5 | W14: 6 | X14: 0.91666667 | Y14: Исходная руда №1 | Z14: 6.6 | AA14: =100-Z14 -> 93.4 | AC14: №4 | AD14: 36 | AE14: 12 | AF14: =AE14*40/60 -> 8
A15: 7 | P15: 42 | Q15: 0 | R15: 46.804 | S15: 34 | T15: 11.75 | U15: =SUM(P15:T15) -> 134.554 | V15: 3 | W15: 7 | Y15: Исходная руда №3 | Z15: 2.3 | AA15: =100-Z15 -> 97.7 | AC15: №5 | AD15: 12 | AE15: 13 | AF15: =AE15*40/60 -> 8.6666667
A16: 8 | P16: 40 | Q16: 0 | R16: 45.26 | S16: 33 | T16: 11.63 | U16: =SUM(P16:T16) -> 129.89 | V16: 8 | W16: 8 | Y16: Исходная руда №4 | Z16: 1.7 | AA16: =100-Z16 -> 98.3 | AE16: 14 | AF16: =AE16*40/60 -> 9.3333333
A17: среднее | B17: =AVERAGE(B5:B15) -> 69 | C17: =AVERAGE(C5:C16) -> 62.5 | D17: =AVERAGE(D5:D15) -> 75.5 | E17: =AVERAGE(E5:E15) -> 66.5 | F17: =AVERAGE(F5:F15) -> 64 | G17: =AVERAGE(G5:G16) -> 44 | H17: =AVERAGE(H5:H16) -> 35.5 | I17: =AVERAGE(I5:I15) -> 46.5 | J17: =AVERAGE(J5:J15) -> 38.5 | K17: =AVERAGE(K5:K15) -> 45 | L17: =AVERAGE(L5:L15) -> 58 | M17: =AVERAGE(M5:M15) -> 54 | N17: =AVERAGE(N5:N15) -> 50.5 | O17: =AVERAGE(O5:O16) -> 68 | P17: =SUM(P5:P16) -> 473 | Q17: =SUM(Q5:Q16) -> 0 | R17: =SUM(R5:R16) -> 494.069 | S17: =SUM(S5:S16) -> 411 | T17: =SUM(T5:T16) -> 141.94 | U17: =SUM(P17:T17) -> 1520.009 | V17: =SUM(V5:V16) -> 67 | Y17: Исходная руда №5 | Z17: 7 | AA17: =100-Z17 -> 93 | AB17: 0.041666667 | AC17: №1 | AD17: 42 | AE17: 15 | AF17: =AE17*40/60 -> 10
AA18: =(AA14+AA15+AA16+AA17)/4 -> 95.6 | AC18: №3 | AD18: 45 | AE18: 16 | AF18: =AE18*40/60 -> 10.666667
A19: Загрузка шаров мельниц | C19: Ø, мм | D19: тн | F19: Примечание | I19: Ситовый анализ 09.01.26 см 2 | M19: Влага руды, % | P19: 2.6 | R19: 2.3 | S19: 2 | T19: 2.8 | U19: =(U17-U20)/U17*100 -> 2.3589273 | X19: 0.041666667 | AA19: - | AC19: №4 | AD19: 34 | AE19: 17 | AF19: =AE19*40/60 -> 11.333333
A20: №1 | C20: 70 | D20: 0.2 | F20: новые | K20: % | M20: Итого СМТ по весам за смену | P20: =(P17-(P17*P19/100)) -> 460.702 | R20: =(R17-(R17*R19/100)) -> 482.70541 | S20: =(S17-(S17*S19/100)) -> 402.78 | T20: =(T17-(T17*T19/100)) -> 137.96568 | U20: =P20+Q20+R20+S20+T20 -> 1484.1531 | Y20: Исходная руда №1 | Z20: 1.8 | AA20: =100-Z20 -> 98.2 | AC20: №5 | AD20: 12 | AE20: 18 | AF20: =AE20*40/60 -> 12
A21: №2 | C21: 20 | D21: 0.2 | F21: новые | I21: ГЦ№1 | J21: 48 | M21: Итого СМТ замер за смену | P21: =(U17-(U17*U19/100)) -> 1484.1531 | Y21: Исходная руда №3 | Z21: 6.8 | AA21: =100-Z21 -> 93.2 | AE21: 19 | AF21: =AE21*40/60 -> 12.666667
A22: №3 | C22: 70 | D22: 1 | F22: новые | I22: 100 | J22: =I22-J21 -> 52 | K22: =J22/I22*100 -> 52 | Y22: Исходная руда №4 | Z22: 2.5 | AA22: =100-Z22 -> 97.5 | AB22: 0.125 | AC22: №1 | AD22: 41 | AE22: 20 | AF22: =AE22*40/60 -> 13.333333
A23: №4 | C23: 70 | D23: 0.2 | F23: новые | I23: ГЦ№2 | J23: 29 | M23: Итого за сутки: | Y23: Исходная руда №5 | Z23: 1.2 | AA23: =100-Z23 -> 98.8 | AC23: №3 | AD23: 43 | AE23: 21 | AF23: =AE23*40/60 -> 14
A24: №5 | C24: 70 | D24: 0.15 | F24: новые | I24: 100 | J24: =I24-J23 -> 71 | K24: =J24/I24*100 -> 71 | M24: Итого с начала месяца: | AA24: =(AA20+AA21+AA22+AA23)/4 -> 96.925 | AC24: №4 | AD24: 35 | AE24: 22 | AF24: =AE24*40/60 -> 14.666667
X25: 0.125 | AA25: - | AC25: №5 | AD25: 12 | AE25: 23 | AF25: =AE25*40/60 -> 15.333333
Y26: Исходная руда №1 | Z26: 1 | AA26: =100-Z26 -> 99 | AE26: 24 | AF26: =AE26*40/60 -> 16
A27: Простой мельниц | C27: с | D27: до | F27: кол-во мин | H27: Причины простоя | Y27: Исходная руда №3 | Z27: 1.9 | AA27: =100-Z27 -> 98.1 | AB27: 0.20833333 | AC27: №1 | AD27: 41 | AE27: 25 | AF27: =AE27*40/60 -> 16.666667
H28: МШР №1 ручной замер - сбой эл счетчика. | Y28: Исходная руда №4 | Z28: 2.3 | AA28: =100-Z28 -> 97.7 | AC28: №3 | AD28: 43 | AE28: 26 | AF28: =AE28*40/60 -> 17.333333
H29: В 20:22 - 20:37 шуровка бункера МШР №3. 15мин. 23:31 - 23:47. 16мин. | Y29: Исходная руда №5 | Z29: 0.7 | AA29: =100-Z29 -> 99.3 | AC29: №4 | AD29: 33 | AE29: 27 | AF29: =AE29*40/60 -> 18
H30: В 23:14 - 23:25 шуровка бункера МШР №4. 11мин. | AA30: =(AA26+AA27+AA28+AA29)/4 -> 98.525 | AC30: №5 | AD30: 10 | AE30: 28 | AF30: =AE30*40/60 -> 18.666667
A31: №1 | C31: 0.10069444 | D31: 0.11597222 | F31: 32 мин | H31: Остановили МШР - замена болта на соединении улиткового питателя с горловиной. Замена пускателя. | X31: 0.20833333 | AA31: - | AE31: 29 | AF31: =AE31*40/60 -> 19.333333
H32: С 05:00 МШР №4 ручной замер - сбой эл счетчика. | Y32: Исходная руда №1 | Z32: 1.9 | AA32: =100-Z32 -> 98.1 | AB32: 0.29166667 | AC32: №1 | AD32: 42 | AE32: 30 | AF32: =AE32*40/60 -> 20
Y33: Исходная руда №3 | Z33: 1.2 | AA33: =100-Z33 -> 98.8 | AC33: №3 | AD33: 43 | AE33: 31 | AF33: =AE33*40/60 -> 20.666667
Y34: Исходная руда №4 | Z34: 2.5 | AA34: =100-Z34 -> 97.5 | AC34: №4 | AD34: 34 | AE34: 32 | AF34: =AE34*40/60 -> 21.333333
Y35: Исходная руда №5 | Z35: 0.9 | AA35: =100-Z35 -> 99.1 | AC35: №5 | AD35: 11 | AE35: 33 | AF35: =AE35*40/60 -> 22
AA36: =(AA32+AA33+AA34+AA35)/4 -> 98.375 | AE36: 34 | AF36: =AE36*40/60 -> 22.666667
AE37: 35 | AF37: =AE37*40/60 -> 23.333333
AE38: 36 | AF38: =AE38*40/60 -> 24
AE39: 37 | AF39: =AE39*40/60 -> 24.666667
A40: Остаток МКР на начало смены | D40: 93 | AE40: 38 | AF40: =AE40*40/60 -> 25.333333
A41: Выпуск МКР за смену | D41: =V17 -> 67 | H41: Время | J41: 0.875 | K41: 0.95833333 | M41: 0.041666667 | N41: 03:00 | O41: 05:00 | P41: 07:00 | Q41: ср.значение | AE41: 39 | AF41: =AE41*40/60 -> 26
A42: Отгружено МКР за смену | H42: рН слива ГЦ-1 | J42: 9 | K42: 9.21 | M42: 9.32 | N42: 9.37 | O42: 9.18 | P42: 9.24 | Q42: =AVERAGE(J42:P43) -> 9.22 | AE42: 40 | AF42: =AE42*40/60 -> 26.666667
A43: Количество автомашин | R43: Старший контролер ОТК: Хамзина Л. | AE43: 41 | AF43: =AE43*40/60 -> 27.333333
A44: Остаток МКР на конец смены | D44: =D40+D41-D42 -> 160 | R44: Контролер ОТК: Навроцкая Т. | AE44: 42 | AF44: =AE44*40/60 -> 28
AE45: 45 | AF45: =AE45*40/60 -> 30
AE46: 46 | AF46: =AE46*40/60 -> 30.666667
AE47: 47 | AF47: =AE47*40/60 -> 31.333333
AE48: 48 | AF48: =AE48*40/60 -> 32
AE49: 49 | AF49: =AE49*40/60 -> 32.666667
AE50: 50 | AF50: =AE50*40/60 -> 33.333333
AE51: 51 | AF51: =AE51*40/60 -> 34
AE52: 52 | AF52: =AE52*40/60 -> 34.666667
AE53: 53 | AF53: =AE53*40/60 -> 35.333333
AE54: 54 | AF54: =AE54*40/60 -> 36
AE55: 55 | AF55: =AE55*40/60 -> 36.666667
AE56: 56 | AF56: =AE56*40/60 -> 37.333333
... AE60: 60 | AF60: =AE60*40/60 -> 40

Sheet 10.01.26см2
A1: Дата | B1: 10.01.2026 | F1: Смена | G1: 2 | AE1: Мельница №5
B2: Плотность, % | N2: Ситовой анализ, % -74мкм | P2: Производительность мельниц, тн/ч | U2: все мельницы | V2: Выпуск МКР | W2: Время | X2: на начало смены | Y2: на конец смены | Z2: переработка по счетчику | AA2: № | AB2: Переработка Ручной замер | AE2: мин | AF2: тонн
A3: Время | B3: Слив мельниц | G3: Слив гидроциклона | I3: Сгуститель | K3: Классификатор | N3: Гидроциклон | AA3: МШР | AE3: 1 | AF3: =AE3*43/60 -> 0.71666667
B4: 1 | C4: 2 | D4: 3 | E4: 4 | F4: 5 | G4: 1ст | H4: 2ст | I4: 1 | J4: 2 | K4: 1 | L4: 3 | M4: 5 | N4: 1ст | O4: 2ст | P4: 1 | Q4: 2 | R4: 3 | S4: 4 | T4: 5 | AB4: Время | AC4: Мельница | AD4: Ручной | AE4: 2 | AF4: =AE4*43/60 -> 1.4333333
A5: 9 | P5: 42 | Q5: 0 | R5: 49.17 | S5: 32 | T5: 12.3 | U5: =SUM(P5:T5) -> 135.47 | V5: 3 | W5: 9 | X5: ='10.01.26см1'!Y5 -> 518395.8 | Y5: =X5+P17 -> 518886.6 | Z5: =Y5-X5 -> 490.8 | AA5: 1 | AE5: 3 | AF5: =AE5*43/60 -> 2.15
A6: 10 | P6: 42 | Q6: 0 | R6: 49.652 | S6: 32 | T6: 10.93 | U6: =SUM(P6:T6) -> 134.582 | V6: 8 | W6: 10 | X6: ='10.01.26см1'!Y6 -> 815873.4 | Y6: =X6+R17 -> 816381.8 | Z6: =Y6-X6 -> 508.403 | AA6: 3 | AE6: 4 | AF6: =AE6*43/60 -> 2.8666667
A7: 11 | P7: 36.3 | Q7: 0 | R7: 35.194 | S7: 34 | T7: 11.53 | U7: =SUM(P7:T7) -> 117.024 | V7: 11 | W7: 11 | X7: ='10.01.26см1'!Y7 -> 508818 | Y7: =X7+S17 -> 509217 | Z7: =Y7-X7 -> 399 | AA7: 4 | AB7: 0.375 | AC7: №1 | AD7: 42 | AE7: 5 | AF7: =AE7*43/60 -> 3.5833333
A8: 12 | B8: 66 | C8: 58 | D8: 72 | E8: 68 | F8: 68 | G8: 43 | H8: 34 | K8: 51 | L8: 62 | M8: 52 | N8: 52 | O8: 71 | P8: 38.2 | Q8: 0 | R8: 37.617 | S8: 34 | T8: 11.71 | U8: =SUM(P8:T8) -> 121.527 | V8: 10 | W8: 12 | X8: ='10.01.26см1'!Y8 -> 2629.28 | Y8: =X8+T17 -> 2770.84 | Z8: =T17 -> 141.56 | AA8: 5 | AC8: №3 | AD8: 43 | AE8: 6 | AF8: =AE8*43/60 -> 4.3
A9: 13 | P9: 39.2 | Q9: 0 | R9: 43 | S9: 33 | T9: 11.8 | U9: =SUM(P9:T9) -> 127 | V9: 6 | W9: 13 | X9: Итого производ - ность за смену | Z9: =SUM(Z5:Z8) -> 1539.763 | AC9: №4 | AD9: 32 | AE9: 7 | AF9: =AE9*43/60 -> 5.0166667
A10: 14 | P10: 43 | Q10: 0 | R10: 42 | S10: 32 | T10: 10.87 | U10: =SUM(P10:T10) -> 127.87 | V10: 5 | W10: 14 | AC10: №5 | AD10: 11 | AE10: 8 | AF10: =AE10*43/60 -> 5.7333333
A11: 15 | P11: 43 | Q11: 0 | R11: 40.011 | S11: 34 | T11: 10.53 | U11: =SUM(P11:T11) -> 127.541 | V11: 9 | W11: 15 | X11: Руда с конвейера Сито 12 мм | AE11: 9 | AF11: =AE11*43/60 -> 6.45
A12: 16 | P12: 44.5 | Q12: 0 | R12: 41.759 | S12: 35 | T12: 12.29 | U12: =SUM(P12:T12) -> 133.549 | V12: 4 | W12: 16 | AB12: 0.45833333 | AC12: №1 | AD12: 43 | AE12: 10 | AF12: =AE12*43/60 -> 7.1666667
A13: 17 | B13: 73 | D13: 74 | E13: 55 | F13: 54 | G13: 38 | K13: 51 | L13: 53 | M13: 48 | N13: 57 | P13: 39.9 | Q13: 0 | R13: 43 | S13: 34 | T13: 11.91 | U13: =SUM(P13:T13) -> 128.81 | V13: 8 | W13: 17 | X13: Время | Y13: Мельница | Z13: + | AA13: - | AC13: №3 | AD13: 43 | AE13: 11 | AF13: =AE13*43/60 -> 7.8833333
A14: 18 | P14: 42.1 | Q14: 0 | R14: 43 | S14: 34 | T14: 12.43 | U14: =SUM(P14:T14) -> 131.53 | V14: 4 | W14: 18 | X14: 0.41666667 | Y14: Исходная руда №1 | Z14: 1.5 | AA14: =100-Z14 -> 98.5 | AC14: №4 | AD14: 34 | AE14: 12 | AF14: =AE14*43/60 -> 8.6
A15: 19 | P15: 40.1 | Q15: 0 | R15: 43 | S15: 32 | T15: 12.57 | U15: =SUM(P15:T15) -> 127.67 | V15: 7 | W15: 19 | Y15: Исходная руда №3 | Z15: 1 | AA15: =100-Z15 -> 99 | AC15: №5 | AD15: 10 | AE15: 13 | AF15: =AE15*43/60 -> 9.3166667
A16: 20 | P16: 40.5 | Q16: 0 | R16: 41 | S16: 33 | T16: 12.69 | U16: =SUM(P16:T16) -> 127.19 | V16: 5 | W16: 20 | Y16: Исходная руда №4 | Z16: 1.9 | AA16: =100-Z16 -> 98.1 | AE16: 14 | AF16: =AE16*43/60 -> 10.033333
A17: среднее | B17: =AVERAGE(B5:B15) -> 69.5 | C17: =AVERAGE(C5:C16) -> 58 | D17: =AVERAGE(D5:D15) -> 73 | E17: =AVERAGE(E5:E15) -> 61.5 | F17: =AVERAGE(F5:F15) -> 61 | G17: =AVERAGE(G5:G16) -> 40.5 | H17: =AVERAGE(H5:H16) -> 34 | I17: =AVERAGE(I5:I15) -> #DIV/0! | J17: =AVERAGE(J5:J15) -> #DIV/0! | K17: =AVERAGE(K5:K15) -> 51 | L17: =AVERAGE(L5:L15) -> 57.5 | M17: =AVERAGE(M5:M15) -> 50 | N17: =AVERAGE(N5:N15) -> 54.5 | O17: =AVERAGE(O5:O16) -> 71 | P17: =SUM(P5:P16) -> 490.8 | Q17: =SUM(Q5:Q16) -> 0 | R17: =SUM(R5:R16) -> 508.403 | S17: =SUM(S5:S16) -> 399 | T17: =SUM(T5:T16) -> 141.56 | U17: =SUM(P17:T17) -> 1539.763 | V17: =SUM(V5:V16) -> 80 | Y17: Исходная руда №5 | Z17: 1.8 | AA17: =100-Z17 -> 98.2 | AB17: 0.54166667 | AC17: №1 | AD17: 42 | AE17: 15 | AF17: =AE17*43/60 -> 10.75
AA18: =(AA14+AA15+AA16+AA17)/4 -> 98.45 | AC18: №3 | AD18: 43 | AE18: 16 | AF18: =AE18*43/60 -> 11.466667
A19: Загрузка шаров мельниц | C19: Ø, мм | D19: тн | F19: Примечание | I19: Ситовый анализ 10.01.26 см 1 | M19: Влага руды, % | P19: 2.9 | R19: 2.5 | S19: 2.8 | T19: 2.4 | U19: =(U17-U20)/U17*100 -> 2.6960458 | X19: 0.5 | AA19: - | AC19: №4 | AD19: 33 | AE19: 17 | AF19: =AE19*43/60 -> 12.183333
A20: №1 | C20: 70 | D20: 0.2 | F20: новые | K20: % | M20: Итого СМТ по весам за смену | P20: =(P17-(P17*P19/100)) -> 476.5668 | R20: =(R17-(R17*R19/100)) -> 495.69293 | S20: =(S17-(S17*S19/100)) -> 387.828 | T20: =(T17-(T17*T19/100)) -> 138.16256 | U20: =P20+Q20+R20+S20+T20 -> 1498.2503 | Y20: Исходная руда №1 | Z20: 1.2 | AA20: =100-Z20 -> 98.8 | AC20: №5 | AD20: 12 | AE20: 18 | AF20: =AE20*43/60 -> 12.9
A21: №2 | C21: 20 | D21: 0.15 | F21: новые | I21: ГЦ№1 | J21: 50 | M21: Итого СМТ замер за смену | P21: =(U17-(U17*U19/100)) -> 1498.2503 | Y21: Исходная руда №3 | Z21: 1.6 | AA21: =100-Z21 -> 98.4 | AE21: 19 | AF21: =AE21*43/60 -> 13.616667
A22: №3 | C22: 70 | D22: 0.2 | F22: новые | I22: 100 | J22: =I22-J21 -> 50 | K22: =J22/I22*100 -> 50 | Y22: Исходная руда №4 | Z22: 2.4 | AA22: =100-Z22 -> 97.6 | AB22: 0.625 | AC22: №1 | AD22: 43 | AE22: 20 | AF22: =AE22*43/60 -> 14.333333
A23: №4 | C23: 70 | D23: 0.2 | F23: новые | I23: ГЦ№2 | J23: 30 | M23: Итого за сутки: | Y23: Исходная руда №5 | Z23: 1.8 | AA23: =100-Z23 -> 98.2 | AC23: №3 | AD23: 42 | AE23: 21 | AF23: =AE23*43/60 -> 15.05
A24: №5 | C24: 70 | D24: 0.15 | F24: новые | I24: 100 | J24: =I24-J23 -> 70 | K24: =J24/I24*100 -> 70 | M24: Итого с начала месяца: | AA24: =(AA20+AA21+AA22+AA23)/4 -> 98.25 | AC24: №4 | AD24: 34 | AE24: 22 | AF24: =AE24*43/60 -> 15.766667
X25: 0.625 | AA25: - | AC25: №5 | AD25: 11 | AE25: 23 | AF25: =AE25*43/60 -> 16.483333
Y26: Исходная руда №1 | Z26: 1.5 | AA26: =100-Z26 -> 98.5 | AE26: 24 | AF26: =AE26*43/60 -> 17.2
A27: Простой мельниц | C27: с | D27: до | F27: кол-во мин | H27: Причины простоя | Y27: Исходная руда №3 | Z27: 2.6 | AA27: =100-Z27 -> 97.4 | AB27: 0.70833333 | AC27: №1 | AD27: 42 | AE27: 25 | AF27: =AE27*43/60 -> 17.916667
H28: МШР №1, №4 ручной замер - сбой эл счетчика. | Y28: Исходная руда №4 | Z28: 2.1 | AA28: =100-Z28 -> 97.9 | AC28: №3 | AD28: 43 | AE28: 26 | AF28: =AE28*43/60 -> 18.633333
H29: В 10:10 - 10:19 перегруз МШР №1 9мин | Y29: Исходная руда №5 | Z29: 1.3 | AA29: =100-Z29 -> 98.7 | AC29: №4 | AD29: 34 | AE29: 27 | AF29: =AE29*43/60 -> 19.35
H30: В 10:10 - 10:21 перегруз МШР №3 11мин | AA30: =(AA26+AA27+AA28+AA29)/4 -> 98.125 | AC30: №5 | AD30: 11 | AE30: 28 | AF30: =AE30*43/60 -> 20.066667
H31: В 10:10 произвели калибровку эл.весов МШР №1,№3,№4 | X31: 0.70833333 | AA31: - | AE31: 29 | AF31: =AE31*43/60 -> 20.783333
H32: С 13:00 МШР №3 ручной замер - сбой эл.счетчика | Y32: Исходная руда №1 | Z32: 1.6 | AA32: =100-Z32 -> 98.4 | AB32: 0.79166667 | AC32: №1 | AD32: 42 | AE32: 30 | AF32: =AE32*43/60 -> 21.5
A33: №2 | C33: 0.66527778 | D33: 0.80138889 | F33: 3час 16мин | H33: Остановка мельницы по мех.части - сварочные работы на течке | Y33: Исходная руда №3 | Z33: 1.9 | AA33: =100-Z33 -> 98.1 | AC33: №3 | AD33: 43 | AE33: 31 | AF33: =AE33*43/60 -> 22.216667
Y34: Исходная руда №4 | Z34: 2.2 | AA34: =100-Z34 -> 97.8 | AC34: №4 | AD34: 32 | AE34: 32 | AF34: =AE34*43/60 -> 22.933333
Y35: Исходная руда №5 | Z35: 1.8 | AA35: =100-Z35 -> 98.2 | AC35: №5 | AD35: 11 | AE35: 33 | AF35: =AE35*43/60 -> 23.65
AA36: =(AA32+AA33+AA34+AA35)/4 -> 98.125 | AE36: 34 | AF36: =AE36*43/60 -> 24.366667
AE37: 35 | AF37: =AE37*43/60 -> 25.083333
AE38: 36 | AF38: =AE38*43/60 -> 25.8
AE39: 37 | AF39: =AE39*43/60 -> 26.516667
A40: Остаток МКР на начало смены | D40: ='10.01.26см1'!D44:F44 -> 160 | AE40: 38 | AF40: =AE40*43/60 -> 27.233333
A41: Выпуск МКР за смену | D41: =V17 -> 80 | H41: Время | J41: 0.375 | K41: 0.45833333 | M41: 0.54166667 | N41: 15:00 | O41: 17:00 | P41: 19:00 | Q41: ср.значение | AE41: 39 | AF41: =AE41*43/60 -> 27.95
A42: Отгружено МКР за смену | D42: 116 | H42: рН слива ГЦ-1 | J42: 9.63 | K42: 9.83 | M42: 10.35 | N42: 10.15 | O42: 9.89 | P42: 9.67 | Q42: =AVERAGE(J42:P43) -> 9.92 | AE42: 40 | AF42: =AE42*43/60 -> 28.666667
A43: Количество автомашин | D43: 5 | R43: Старший контролер ОТК: Тусупбаева А. | AE43: 41 | AF43: =AE43*43/60 -> 29.383333
A44: Остаток МКР на конец смены | D44: =D40+D41-D42 -> 124 | R44: Контролер ОТК: Макулбеков Б. | AE44: 42 | AF44: =AE44*43/60 -> 30.1
AE45: 45 | AF45: =AE45*43/60 -> 32.25
AE46: 46 | AF46: =AE46*43/60 -> 32.966667
AE47: 47 | AF47: =AE47*43/60 -> 33.683333
AE48: 48 | AF48: =AE48*43/60 -> 34.4
AE49: 49 | AF49: =AE49*43/60 -> 35.116667
AE50: 50 | AF50: =AE50*43/60 -> 35.833333
AE51: 51 | AF51: =AE51*43/60 -> 36.55
AE52: 52 | AF52: =AE52*43/60 -> 37.266667
AE53: 53 | AF53: =AE53*43/60 -> 37.983333
AE54: 54 | AF54: =AE54*43/60 -> 38.7
AE55: 55 | AF55: =AE55*43/60 -> 39.416667
AE56: 56 | AF56: =AE56*43/60 -> 40.133333
... AE60: 60 | AF60: =AE60*43/60 -> 43

Sheet 11.01.26см1
A1: Дата | B1: 11.01.2026 | F1: Смена | G1: 1 | AE1: Мельница №5
B2: Плотность, % | N2: Ситовой анализ, % -74мкм | P2: Производительность мельниц, тн/ч | U2: все мельницы | V2: Выпуск МКР | W2: Время | X2: на начало смены | Y2: на конец смены | Z2: переработка по счетчику | AA2: № | AB2: Переработка Ручной замер | AE2: мин | AF2: тонн
A3: Время | B3: Слив мельниц | G3: Слив гидроциклона | I3: Сгуститель | K3: Классификатор | N3: Гидроциклон | AA3: МШР | AE3: 1 | AF3: =AE3*40/60 -> 0.66666667
B4: 1 | C4: 2 | D4: 3 | E4: 4 | F4: 5 | G4: 1ст | H4: 2ст | I4: 1 | J4: 2 | K4: 1 | L4: 3 | M4: 5 | N4: 1ст | O4: 2ст | P4: 1 | Q4: 2 | R4: 3 | S4: 4 | T4: 5 | AB4: Время | AC4: Мельница | AD4: Ручной | AE4: 2 | AF4: =AE4*40/60 -> 1.3333333
A5: 21 | P5: 41.7 | Q5: 0 | R5: 42.734 | S5: 34 | T5: 9.35 | U5: =SUM(P5:T5) -> 127.784 | V5: 4 | W5: 21 | X5: 518745.2 | Y5: =X5+P17 -> 519252.1 | Z5: =Y5-X5 -> 506.9 | AA5: 1 | AE5: 3 | AF5: =AE5*40/60 -> 2
A6: 22 | P6: 43.2 | Q6: 0 | R6: 43.815 | S6: 36 | T6: 12.58 | U6: =SUM(P6:T6) -> 135.595 | V6: 5 | W6: 22 | X6: 816346.74 | Y6: =X6+R17 -> 816865.32 | Z6: =Y6-X6 -> 518.588 | AA6: 3 | AE6: 4 | AF6: =AE6*40/60 -> 2.6666667
A7: 23 | B7: 64 | C7: 63 | D7: 72 | E7: 62 | F7: 61 | G7: 42 | H7: 33 | I7: 36 | J7: 19 | K7: 44 | L7: 57 | M7: 51 | N7: 55 | O7: 72 | P7: 43.8 | Q7: 0 | R7: 45.721 | S7: 36 | T7: 11.92 | U7: =SUM(P7:T7) -> 137.441 | V7: 7 | W7: 23 | X7: 509256 | Y7: =X7+S17 -> 509659 | Z7: =Y7-X7 -> 403 | AA7: 4 | AB7: 0.875 | AC7: №1 | AD7: 41 | AE7: 5 | AF7: =AE7*40/60 -> 3.3333333
A8: 24 | P8: 43.9 | Q8: 0 | R8: 43.474 | S8: 34 | T8: 13.03 | U8: =SUM(P8:T8) -> 134.404 | V8: 4 | W8: 24 | X8: 2770.84 | Y8: =X8+T17 -> 2918.3 | Z8: =T17 -> 147.46 | AA8: 5 | AC8: №3 | AD8: 42 | AE8: 6 | AF8: =AE8*40/60 -> 4
A9: 1 | P9: 42.6 | Q9: 0 | R9: 42.604 | S9: 34 | T9: 12.55 | U9: =SUM(P9:T9) -> 131.754 | V9: 6 | W9: 1 | X9: Итого производ - ность за смену | Z9: =SUM(Z5:Z8) -> 1575.948 | AC9: №4 | AD9: 34 | AE9: 7 | AF9: =AE9*40/60 -> 4.6666667
A10: 2 | P10: 40.1 | Q10: 0 | R10: 42.884 | S10: 35 | T10: 12.11 | U10: =SUM(P10:T10) -> 130.094 | V10: 3 | W10: 2 | AC10: №5 | AD10: 11 | AE10: 8 | AF10: =AE10*40/60 -> 5.3333333
A11: 3 | P11: 42.9 | Q11: 0 | R11: 42.696 | S11: 35 | T11: 13.21 | U11: =SUM(P11:T11) -> 133.806 | V11: 5 | W11: 3 | X11: Руда с конвейера Сито 12 мм | AE11: 9 | AF11: =AE11*40/60 -> 6
A12: 4 | P12: 44 | Q12: 0 | R12: 44.262 | S12: 34 | T12: 12.81 | U12: =SUM(P12:T12) -> 135.072 | V12: 3 | W12: 4 | AB12: 0.95833333 | AC12: №1 | AD12: 42 | AE12: 10 | AF12: =AE12*40/60 -> 6.6666667
A13: 5 | B13: 65 | C13: 61 | D13: 71 | E13: 61 | F13: 63 | G13: 47 | H13: 40 | I13: 29 | K13: 50 | L13: 57 | M13: 52 | N13: 53 | O13: 68 | P13: 43.3 | Q13: 0 | R13: 44.533 | S13: 32 | T13: 11.9 | U13: =SUM(P13:T13) -> 131.733 | V13: 3 | W13: 5 | X13: Время | Y13: Мельница | Z13: + | AA13: - | AC13: №3 | AD13: 43 | AE13: 11 | AF13: =AE13*40/60 -> 7.3333333
A14: 6 | P14: 43.1 | Q14: 0 | R14: 44.017 | S14: 33 | T14: 12.92 | U14: =SUM(P14:T14) -> 133.037 | V14: 4 | W14: 6 | X14: 0.91666667 | Y14: Исходная руда №1 | Z14: 2.3 | AA14: =100-Z14 -> 97.7 | AC14: №4 | AD14: 33 | AE14: 12 | AF14: =AE14*40/60 -> 8
A15: 7 | P15: 42.9 | Q15: 0 | R15: 43.892 | S15: 33 | T15: 13.11 | U15: =SUM(P15:T15) -> 132.902 | V15: 3 | W15: 7 | Y15: Исходная руда №3 | Z15: 1.8 | AA15: =100-Z15 -> 98.2 | AC15: №5 | AD15: 12 | AE15: 13 | AF15: =AE15*40/60 -> 8.6666667
A16: 8 | J16: 0 | P16: 35.4 | Q16: 0 | R16: 37.956 | S16: 27 | T16: 11.97 | U16: =SUM(P16:T16) -> 112.326 | V16: 8 | W16: 8 | Y16: Исходная руда №4 | Z16: 2 | AA16: =100-Z16 -> 98 | AE16: 14 | AF16: =AE16*40/60 -> 9.3333333
A17: среднее | B17: =AVERAGE(B5:B15) -> 64.5 | C17: =AVERAGE(C5:C16) -> 62 | D17: =AVERAGE(D5:D15) -> 71.5 | E17: =AVERAGE(E5:E15) -> 61.5 | F17: =AVERAGE(F5:F15) -> 62 | G17: =AVERAGE(G5:G16) -> 44.5 | H17: =AVERAGE(H5:H16) -> 36.5 | I17: =AVERAGE(I5:I15) -> 32.5 | J17: =AVERAGE(J5:J15) -> 19 | K17: =AVERAGE(K5:K15) -> 47 | L17: =AVERAGE(L5:L15) -> 57 | M17: =AVERAGE(M5:M15) -> 51.5 | N17: =AVERAGE(N5:N15) -> 54 | O17: =AVERAGE(O5:O16) -> 70 | P17: =SUM(P5:P16) -> 506.9 | Q17: =SUM(Q5:Q16) -> 0 | R17: =SUM(R5:R16) -> 518.588 | S17: =SUM(S5:S16) -> 403 | T17: =SUM(T5:T16) -> 147.46 | U17: =SUM(P17:T17) -> 1575.948 | V17: =SUM(V5:V16) -> 55 | Y17: Исходная руда №5 | Z17: 0.9 | AA17: =100-Z17 -> 99.1 | AB17: 0.041666667 | AC17: №1 | AD17: 43 | AE17: 15 | AF17: =AE17*40/60 -> 10
AA18: =(AA14+AA15+AA16+AA17)/4 -> 98.25 | AC18: №3 | AD18: 43 | AE18: 16 | AF18: =AE18*40/60 -> 10.666667
A19: Загрузка шаров мельниц | C19: Ø, мм | D19: тн | F19: Примечание | I19: Ситовый анализ 10.01.26 см 2 | M19: Влага руды, % | P19: 2.8 | R19: 2.5 | S19: 2.4 | T19: 2.7 | U19: =(U17-U20)/U17*100 -> 2.5896362 | X19: 0.041666667 | AA19: - | AC19: №4 | AD19: 34 | AE19: 17 | AF19: =AE19*40/60 -> 11.333333
A20: №1 | C20: 70 | D20: 0.2 | F20: новые | K20: % | M20: Итого СМТ по весам за смену | P20: =(P17-(P17*P19/100)) -> 492.7068 | R20: =(R17-(R17*R19/100)) -> 505.6233 | S20: =(S17-(S17*S19/100)) -> 393.328 | T20: =(T17-(T17*T19/100)) -> 143.47858 | U20: =P20+Q20+R20+S20+T20 -> 1535.1367 | Y20: Исходная руда №1 | Z20: 1.3 | AA20: =100-Z20 -> 98.7 | AC20: №5 | AD20: 12 | AE20: 18 | AF20: =AE20*40/60 -> 12
A21: №2 | C21: 20 | D21: 0.2 | F21: новые | I21: ГЦ№1 | J21: 45 | M21: Итого СМТ замер за смену | P21: =(U17-(U17*U19/100)) -> 1535.1367 | Y21: Исходная руда №3 | Z21: 3.6 | AA21: =100-Z21 -> 96.4 | AE21: 19 | AF21: =AE21*40/60 -> 12.666667
A22: №3 | C22: 70 | D22: 0.2 | F22: новые | I22: 100 | J22: =I22-J21 -> 55 | K22: =J22/I22*100 -> 55 | Y22: Исходная руда №4 | Z22: 1.4 | AA22: =100-Z22 -> 98.6 | AB22: 0.125 | AC22: №1 | AD22: 42 | AE22: 20 | AF22: =AE22*40/60 -> 13.333333
A23: №4 | C23: 70 | D23: 0.2 | F23: новые | I23: ГЦ№2 | J23: 31 | M23: Итого за сутки: | Y23: Исходная руда №5 | Z23: 2 | AA23: =100-Z23 -> 98 | AC23: №3 | AD23: 43 | AE23: 21 | AF23: =AE23*40/60 -> 14
A24: №5 | C24: 70 | D24: 0.15 | F24: новые | I24: 100 | J24: =I24-J23 -> 69 | K24: =J24/I24*100 -> 69 | M24: Итого с начала месяца: | AA24: =(AA20+AA21+AA22+AA23)/4 -> 97.925 | AC24: №4 | AD24: 32 | AE24: 22 | AF24: =AE24*40/60 -> 14.666667
X25: 0.125 | AA25: - | AC25: №5 | AD25: 12 | AE25: 23 | AF25: =AE25*40/60 -> 15.333333
Y26: Исходная руда №1 | Z26: 1.5 | AA26: =100-Z26 -> 98.5 | AE26: 24 | AF26: =AE26*40/60 -> 16
A27: Простой мельниц | C27: с | D27: до | F27: кол-во мин | H27: Причины простоя | Y27: Исходная руда №3 | Z27: 2.6 | AA27: =100-Z27 -> 97.4 | AB27: 0.20833333 | AC27: №1 | AD27: 43 | AE27: 25 | AF27: =AE27*40/60 -> 16.666667
H28: С 07:00 снизили Q по всем мельницам | Y28: Исходная руда №4 | Z28: 1.4 | AA28: =100-Z28 -> 98.6 | AC28: №3 | AD28: 42 | AE28: 26 | AF28: =AE28*40/60 -> 17.333333
Y29: Исходная руда №5 | Z29: 1.6 | AA29: =100-Z29 -> 98.4 | AC29: №4 | AD29: 32 | AE29: 27 | AF29: =AE29*40/60 -> 18
AA30: =(AA26+AA27+AA28+AA29)/4 -> 98.225 | AC30: №5 | AD30: 12 | AE30: 28 | AF30: =AE30*40/60 -> 18.666667
X31: 0.20833333 | AA31: - | AE31: 29 | AF31: =AE31*40/60 -> 19.333333
Y32: Исходная руда №1 | Z32: 1.9 | AA32: =100-Z32 -> 98.1 | AB32: 0.29166667 | AC32: №1 | AD32: 43 | AE32: 30 | AF32: =AE32*40/60 -> 20
Y33: Исходная руда №3 | Z33: 1.3 | AA33: =100-Z33 -> 98.7 | AC33: №3 | AD33: 43 | AE33: 31 | AF33: =AE33*40/60 -> 20.666667
Y34: Исходная руда №4 | Z34: 3.4 | AA34: =100-Z34 -> 96.6 | AC34: №4 | AD34: 32 | AE34: 32 | AF34: =AE34*40/60 -> 21.333333
Y35: Исходная руда №5 | Z35: 1.9 | AA35: =100-Z35 -> 98.1 | AC35: №5 | AD35: 12 | AE35: 33 | AF35: =AE35*40/60 -> 22
AA36: =(AA32+AA33+AA34+AA35)/4 -> 97.875 | AE36: 34 | AF36: =AE36*40/60 -> 22.666667
AE37: 35 | AF37: =AE37*40/60 -> 23.333333
AE38: 36 | AF38: =AE38*40/60 -> 24
AE39: 37 | AF39: =AE39*40/60 -> 24.666667
A40: Остаток МКР на начало смены | D40: 124 | AE40: 38 | AF40: =AE40*40/60 -> 25.333333
A41: Выпуск МКР за смену | D41: =V17 -> 55 | H41: Время | J41: 0.875 | K41: 0.95833333 | M41: 0.041666667 | N41: 03:00 | O41: 05:00 | P41: 07:00 | Q41: ср.значение | AE41: 39 | AF41: =AE41*40/60 -> 26
A42: Отгружено МКР за смену | D42: 30 | H42: рН слива ГЦ-1 | J42: 9.24 | K42: 9.16 | M42: 8.95 | N42: 9 | O42: 9.06 | P42: 9.02 | Q42: =AVERAGE(J42:P43) -> 9.0716667 | AE42: 40 | AF42: =AE42*40/60 -> 26.666667
A43: Количество автомашин | D43: 1 | R43: Старший контролер ОТК: Хамзина Л. | AE43: 41 | AF43: =AE43*40/60 -> 27.333333
A44: Остаток МКР на конец смены | D44: =D40+D41-D42 -> 149 | R44: Контролер ОТК: Навроцкая Т. | AE44: 42 | AF44: =AE44*40/60 -> 28
AE45: 45 | AF45: =AE45*40/60 -> 30
AE46: 46 | AF46: =AE46*40/60 -> 30.666667
AE47: 47 | AF47: =AE47*40/60 -> 31.333333
AE48: 48 | AF48: =AE48*40/60 -> 32
AE49: 49 | AF49: =AE49*40/60 -> 32.666667
AE50: 50 | AF50: =AE50*40/60 -> 33.333333
AE51: 51 | AF51: =AE51*40/60 -> 34
AE52: 52 | AF52: =AE52*40/60 -> 34.666667
AE53: 53 | AF53: =AE53*40/60 -> 35.333333
AE54: 54 | AF54: =AE54*40/60 -> 36
AE55: 55 | AF55: =AE55*40/60 -> 36.666667
AE56: 56 | AF56: =AE56*40/60 -> 37.333333
... AE60: 60 | AF60: =AE60*40/60 -> 40

Sheet 11.01.26см2
A1: Дата | B1: 11.01.2026 | F1: Смена | G1: 2 | AE1: Мельница №5
B2: Плотность, % | N2: Ситовой анализ, % -74мкм | P2: Производительность мельниц, тн/ч | U2: все мельницы | V2: Выпуск МКР | W2: Время | X2: на начало смены | Y2: на конец смены | Z2: переработка по счетчику | AA2: № | AB2: Переработка Ручной замер | AE2: мин | AF2: тонн
A3: Время | B3: Слив мельниц | G3: Слив гидроциклона | I3: Сгуститель | K3: Классификатор | N3: Гидроциклон | AA3: МШР | AE3: 1 | AF3: =AE3*32/60 -> 0.53333333
B4: 1 | C4: 2 | D4: 3 | E4: 4 | F4: 5 | G4: 1ст | H4: 2ст | I4: 1 | J4: 2 | K4: 1 | L4: 3 | M4: 5 | N4: 1ст | O4: 2ст | P4: 1 | Q4: 2 | R4: 3 | S4: 4 | T4: 5 | AB4: Время | AC4: Мельница | AD4: Ручной | AE4: 2 | AF4: =AE4*32/60 -> 1.0666667
A5: 9 | P5: 23.4 | Q5: 0 | R5: 38.515 | S5: 29 | T5: 13.37 | U5: =SUM(P5:T5) -> 104.285 | V5: 3 | W5: 9 | X5: ='11.01.26см1'!Y5 -> 519252.1 | Y5: =X5+P17 -> 519578 | Z5: =Y5-X5 -> 325.9 | AA5: 1 | AE5: 3 | AF5: =AE5*32/60 -> 1.6
A6: 10 | P6: 0 | Q6: 0 | R6: 37.213 | S6: 31 | T6: 13.14 | U6: =SUM(P6:T6) -> 81.353 | V6: 5 | W6: 10 | X6: ='11.01.26см1'!Y6 -> 816865.32 | Y6: =X6+R17 -> 817356.56 | Z6: =Y6-X6 -> 491.238 | AA6: 3 | AE6: 4 | AF6: =AE6*32/60 -> 2.1333333
A7: 11 | P7: 0 | Q7: 0 | R7: 40.5 | S7: 31 | T7: 12.69 | U7: =SUM(P7:T7) -> 84.19 | V7: 3 | W7: 11 | X7: ='11.01.26см1'!Y7 -> 509659 | Y7: =X7+S17 -> 510046 | Z7: =Y7-X7 -> 387 | AA7: 4 | AB7: 0.375 | AC7: №1 | AE7: 5 | AF7: =AE7*32/60 -> 2.6666667
A8: 12 | C8: 51 | D8: 73 | E8: 63 | F8: 58 | G8: 45 | H8: 38 | L8: 52 | M8: 44 | N8: 51 | O8: 72 | P8: 0 | Q8: 0 | R8: 41 | S8: 33 | T8: 13.26 | U8: =SUM(P8:T8) -> 87.26 | V8: 6 | W8: 12 | X8: ='11.01.26см1'!Y8 -> 2918.3 | Y8: =X8+T17 -> 3064.8 | Z8: =T17 -> 146.5 | AA8: 5 | AC8: №3 | AD8: 41 | AE8: 6 | AF8: =AE8*32/60 -> 3.2
A9: 13 | P9: 13.8 | Q9: 0 | R9: 42 | S9: 31 | T9: 12.58 | U9: =SUM(P9:T9) -> 99.38 | V9: 6 | W9: 13 | X9: Итого производ - ность за смену | Z9: =SUM(Z5:Z8) -> 1350.638 | AC9: №4 | AD9: 30 | AE9: 7 | AF9: =AE9*32/60 -> 3.7333333
A10: 14 | P10: 38.7 | Q10: 0 | R10: 42.91 | S10: 34 | T10: 11.91 | U10: =SUM(P10:T10) -> 127.52 | V10: 3 | W10: 14 | AC10: №5 | AD10: 11 | AE10: 8 | AF10: =AE10*32/60 -> 4.2666667
A11: 15 | P11: 41 | Q11: 0 | R11: 42 | S11: 31 | T11: 13.37 | U11: =SUM(P11:T11) -> 127.37 | V11: 2 | W11: 15 | X11: Руда с конвейера Сито 12 мм | AE11: 9 | AF11: =AE11*32/60 -> 4.8
A12: 16 | P12: 40 | Q12: 0 | R12: 34.1 | S12: 27 | T12: 11.39 | U12: =SUM(P12:T12) -> 112.49 | V12: 3 | W12: 16 | AB12: 0.45833333 | AC12: №1 | AE12: 10 | AF12: =AE12*32/60 -> 5.3333333
A13: 17 | P13: 42 | Q13: 0 | R13: 43 | S13: 37 | T13: 11.66 | U13: =SUM(P13:T13) -> 133.66 | V13: 6 | W13: 17 | X13: Время | Y13: Мельница | Z13: + | AA13: - | AC13: №3 | AD13: 40 | AE13: 11 | AF13: =AE13*32/60 -> 5.8666667
A14: 18 | B14: 74 | C14: 61 | D14: 73 | E14: 63 | F14: 65 | G14: 51 | H14: 40 | K14: 58 | L14: 62 | M14: 50 | N14: 48 | O14: 71 | P14: 42 | Q14: 0 | R14: 44 | S14: 35 | T14: 9.15 | U14: =SUM(P14:T14) -> 130.15 | V14: 4 | W14: 18 | X14: 0.41666667 | Y14: Исходная руда №1 | AA14: =100-Z14 -> 100 | AC14: №4 | AD14: 30 | AE14: 12 | AF14: =AE14*32/60 -> 6.4
A15: 19 | P15: 41 | Q15: 0 | R15: 43 | S15: 33 | T15: 11.73 | U15: =SUM(P15:T15) -> 128.73 | V15: 4 | W15: 19 | Y15: Исходная руда №3 | Z15: 1.6 | AA15: =100-Z15 -> 98.4 | AC15: №5 | AD15: 11 | AE15: 13 | AF15: =AE15*32/60 -> 6.9333333
A16: 20 | P16: 44 | Q16: 0 | R16: 43 | S16: 35 | T16: 12.25 | U16: =SUM(P16:T16) -> 134.25 | V16: 4 | W16: 20 | Y16: Исходная руда №4 | Z16: 1.2 | AA16: =100-Z16 -> 98.8 | AE16: 14 | AF16: =AE16*32/60 -> 7.4666667
A17: среднее | B17: =AVERAGE(B5:B15) -> 74 | C17: =AVERAGE(C5:C16) -> 56 | D17: =AVERAGE(D5:D15) -> 73 | E17: =AVERAGE(E5:E15) -> 63 | F17: =AVERAGE(F5:F15) -> 61.5 | G17: =AVERAGE(G5:G16) -> 48 | H17: =AVERAGE(H5:H16) -> 39 | I17: =AVERAGE(I5:I15) -> #DIV/0! | J17: =AVERAGE(J5:J15) -> #DIV/0! | K17: =AVERAGE(K5:K15) -> 58 | L17: =AVERAGE(L5:L15) -> 57 | M17: =AVERAGE(M5:M15) -> 47 | N17: =AVERAGE(N5:N15) -> 49.5 | O17: =AVERAGE(O5:O16) -> 71.5 | P17: =SUM(P5:P16) -> 325.9 | Q17: =SUM(Q5:Q16) -> 0 | R17: =SUM(R5:R16) -> 491.238 | S17: =SUM(S5:S16) -> 387 | T17: =SUM(T5:T16) -> 146.5 | U17: =SUM(P17:T17) -> 1350.638 | V17: =SUM(V5:V16) -> 49 | Y17: Исходная руда №5 | Z17: 1.9 | AA17: =100-Z17 -> 98.1 | AB17: 0.54166667 | AC17: №1 | AD17: 39 | AE17: 15 | AF17: =AE17*32/60 -> 8
AA18: =(AA15+AA16+AA17)/3 -> 98.433333 | AC18: №3 | AD18: 42 | AE18: 16 | AF18: =AE18*32/60 -> 8.5333333
A19: Загрузка шаров мельниц | C19: Ø, мм | D19: тн | F19: Примечание | I19: Ситовый анализ 11.01.26 см 1 | M19: Влага руды, % | P19: 2.4 | R19: 2.4 | S19: 2.6 | T19: 2.2 | U19: =(U17-U20)/U17*100 -> 2.4356128 | X19: 0.5 | AA19: - | AC19: №4 | AD19: 34 | AE19: 17 | AF19: =AE19*32/60 -> 9.0666667
A20: №2 | C20: 70 | D20: 0.2 | F20: новые | K20: % | M20: Итого СМТ по весам за смену | P20: =(P17-(P17*P19/100)) -> 318.0784 | R20: =(R17-(R17*R19/100)) -> 479.44829 | S20: =(S17-(S17*S19/100)) -> 376.938 | T20: =(T17-(T17*T19/100)) -> 143.277 | U20: =P20+Q20+R20+S20+T20 -> 1317.7417 | Y20: Исходная руда №1 | AA20: =100-Z20 -> 100 | AC20: №5 | AD20: 11 | AE20: 18 | AF20: =AE20*32/60 -> 9.6
A21: №3 | C21: 20 | D21: 0.2 | F21: новые | I21: ГЦ№1 | J21: 46 | M21: Итого СМТ замер за смену | P21: =(U17-(U17*U19/100)) -> 1317.7417 | Y21: Исходная руда №3 | Z21: 1.9 | AA21: =100-Z21 -> 98.1 | AE21: 19 | AF21: =AE21*32/60 -> 10.133333
A22: №4 | C22: 70 | D22: 0.2 | F22: новые | I22: 100 | J22: =I22-J21 -> 54 | K22: =J22/I22*100 -> 54 | Y22: Исходная руда №4 | Z22: 1.1 | AA22: =100-Z22 -> 98.9 | AB22: 0.625 | AC22: №1 | AD22: 41 | AE22: 20 | AF22: =AE22*32/60 -> 10.666667
A23: №5 | C23: 70 | D23: 0.2 | F23: новые | I23: ГЦ№2 | J23: 29 | M23: Итого за сутки: | Y23: Исходная руда №5 | Z23: 1.5 | AA23: =100-Z23 -> 98.5 | AC23: №3 | AD23: 42 | AE23: 21 | AF23: =AE23*32/60 -> 11.2
I24: 100 | J24: =I24-J23 -> 71 | K24: =J24/I24*100 -> 71 | M24: Итого с начала месяца: | AA24: =(AA21+AA22+AA23)/3 -> 98.5 | AC24: №4 | AD24: 30 | AE24: 22 | AF24: =AE24*32/60 -> 11.733333
X25: 0.625 | AA25: - | AC25: №5 | AD25: 12 | AE25: 23 | AF25: =AE25*32/60 -> 12.266667
Y26: Исходная руда №1 | Z26: 1.1 | AA26: =100-Z26 -> 98.9 | AE26: 24 | AF26: =AE26*32/60 -> 12.8
A27: Простой мельниц | C27: с | D27: до | F27: кол-во мин | H27: Причины простоя | Y27: Исходная руда №3 | Z27: 1.6 | AA27: =100-Z27 -> 98.4 | AB27: 0.70833333 | AC27: №1 | AD27: 42 | AE27: 25 | AF27: =AE27*32/60 -> 13.333333
H28: В 08:40 поставили на выработку МШР №1 | Y28: Исходная руда №4 | Z28: 1.2 | AA28: =100-Z28 -> 98.8 | AC28: №3 | AD28: 43 | AE28: 26 | AF28: =AE28*32/60 -> 13.866667
A29: №1 | C29: 0.375 | D29: 0.52638889 | F29: 3час 38мин | H29: Остановка мельницы по эл.части - центровка электродвигателя | Y29: Исходная руда №5 | Z29: 0.9 | AA29: =100-Z29 -> 99.1 | AC29: №4 | AD29: 37 | AE29: 27 | AF29: =AE29*32/60 -> 14.4
H30: С 11:00 МШР №3 ручной замер - сбой эл.счетчика | AA30: =(AA26+AA27+AA28+AA29)/4 -> 98.8 | AC30: №5 | AD30: 12 | AE30: 28 | AF30: =AE30*32/60 -> 14.933333
H31: В 15:20 - 15:30 перегруз МШР №3 10мин | X31: 0.70833333 | AA31: - | AE31: 29 | AF31: =AE31*32/60 -> 15.466667
H32: В 15:15 - 15:24 перегруз МШР №4 9мин | Y32: Исходная руда №1 | Z32: 2.5 | AA32: =100-Z32 -> 97.5 | AB32: 0.79166667 | AC32: №1 | AD32: 41 | AE32: 30 | AF32: =AE32*32/60 -> 16
H33: В 17:45 - 17:55 перегруз МШР №5 10мин | Y33: Исходная руда №3 | Z33: 2.7 | AA33: =100-Z33 -> 97.3 | AC33: №3 | AD33: 43 | AE33: 31 | AF33: =AE33*32/60 -> 16.533333
Y34: Исходная руда №4 | Z34: 1.2 | AA34: =100-Z34 -> 98.8 | AC34: №4 | AD34: 33 | AE34: 32 | AF34: =AE34*32/60 -> 17.066667
